,LVal_bin,RVal_bin,conf
0,1,1,-0.028400978419262046
1,5,0,0.7319740014311302
2,2,5,0.3541658378423133
3,3,4,0.8114214600929321
4,4,0,0.8440772181832564
5,1,0,0.3199749125948337
6,2,2,0.7653943557735999
7,3,5,0.8102782402466304
8,3,1,0.6986514034390627
9,0,4,0.7197866061637163
10,2,4,0.22400967744991104
11,0,3,0.7070891458240091
12,1,2,0.5406518396493365
13,1,4,0.8242830684232928
14,4,2,0.7611339501357812
15,4,3,0.9209239858038283
16,4,1,0.48241212521660004
17,4,5,0.5103649799324894
18,0,2,0.8146794273675505
19,1,4,0.7950568515949891
20,1,5,0.8183027018518946
21,4,1,0.8350786753899945
22,3,3,0.6425245812185152
23,2,1,0.10905424821678059
24,3,4,0.8134776661884346
25,0,1,0.22740229951126686
26,3,2,0.5973695778784598
27,5,2,0.516029111187703
28,3,0,0.38175891640030263
29,3,1,0.3375722823614255
30,5,1,0.834099472631956
31,1,2,0.719210927620481
32,0,2,0.7205269330405111
33,0,1,0.661550479393996
34,2,0,0.5653597825993907
35,4,2,0.6946425660404411
36,4,0,0.8343052844263931
37,0,0,0.5779070097175635
38,0,5,0.7515855167810662
39,1,0,0.5571371286314691
40,5,4,0.8438265490654319
41,3,0,0.6888412645833808
42,4,4,0.4761347328607917
43,0,4,0.853095376330908
44,1,3,0.5993095927072215
45,3,0,0.686843286505161
46,3,3,0.8517152813973562
47,1,0,0.7450487477036672
48,0,1,0.7331409865203575
49,3,4,0.11446518562961848
50,3,5,0.7926567300812339
51,1,4,0.8058412040297217
52,3,2,0.7828363666244524
53,0,1,0.7724381347072016
54,0,2,0.8712506585984774
55,4,3,0.7211489402117205
56,1,5,0.8729710223280815
57,0,4,0.7681648021372532
58,4,2,0.8592995424479969
59,3,4,0.5879051785092454
60,4,0,0.8601078181662163
61,2,2,0.72544781509393
62,2,1,0.7721771187611574
63,3,0,0.4362539960246842
64,0,3,0.5984266665802785
65,1,4,0.8551010142310882
66,2,0,0.8140607137391509
67,4,1,0.7006704204764713
68,5,4,0.6094823572479855
69,0,2,0.8343959303269962
70,1,1,0.7370139507047606
71,4,2,0.8435329169813107
72,0,0,0.8034313638798378
73,5,2,0.9215477315425269
74,2,5,0.6596153862760508
75,4,1,0.8615059331387194
76,1,3,0.3480001240066746
77,0,4,0.9811983732320801
78,4,4,0.5058506297577019
79,5,1,0.7512313127614166
80,2,4,0.8167272111848389
81,5,0,0.8168413242586404
82,1,0,0.37434170663412975
83,4,0,0.8783707893752688
84,4,5,0.5387780329095577
85,3,1,0.8647124692983876
86,1,2,0.4658876911026392
87,3,1,0.3522287004248234
88,0,5,0.8740538868830654
89,1,2,0.726890499747503
90,4,0,0.9036412358821616
91,1,0,0.39456591506583166
92,0,3,0.7182191060231035
93,3,1,0.557246836242701
94,3,3,0.5926230218872438
95,1,4,0.9372055042165957
96,0,5,0.9080208052220085
97,0,1,0.8239447159941725
98,1,2,0.8140462106911055
99,3,0,0.5812326131289707
100,5,1,0.5322497808480036
101,4,3,0.6675341499729868
102,4,1,0.3999645889265668
103,0,4,0.6822308522057028
104,1,5,0.7704330010232538
105,3,0,0.29391484166910703
106,4,1,0.46139441080640675
107,1,4,0.43265166778006076
108,1,2,0.7607155978243971
109,5,4,0.40114166001985413
110,0,1,0.3474006131960191
111,2,5,0.8418779238560155
112,5,2,0.6448282365888393
113,4,5,0.7709564098148859
114,3,2,0.5931464498347003
115,4,4,0.5651079488528936
116,1,1,0.37496185538392346
117,4,0,0.8460589530270635
118,4,2,0.3623457829250469
119,0,4,0.8891598242259754
120,3,4,0.4458486334564985
121,3,1,0.7957876146472652
122,2,4,0.8919848880953644
123,3,4,0.8912436234691418
124,0,2,0.6815313751868488
125,3,5,0.7818680655188319
126,4,2,0.7051706334992464
127,1,0,0.4093041598244405
128,0,0,0.8530984074542811
129,5,0,0.7503449120281792
130,2,1,0.7088263442977072
131,2,0,0.40903171289353324
132,2,2,0.5188106484878603
133,0,2,0.7094812202272885
134,1,3,0.7020432561525494
135,3,0,0.8470172766143208
136,0,2,0.5757129595354783
137,4,2,0.35669753545602695
138,3,3,0.6540669153715797
139,3,4,0.4438342796964194
140,5,4,0.8306968939127995
141,2,4,0.8026171623467884
142,4,2,0.6960063634458064
143,2,5,0.012076836002037213
144,3,0,0.7287869459475469
145,4,5,0.9815470437190984
146,4,4,0.8081296628933308
147,0,3,0.5097816191950387
148,0,4,0.7171521932319644
149,1,4,0.49739464968734903
150,1,1,0.33768460626153907
151,3,1,0.7731654248740968
152,3,4,0.7737508536677721
153,5,1,0.7034902471575933
154,0,0,0.3645982776327187
155,1,3,0.6425418057576333
156,1,0,0.6376605878029852
157,1,0,0.4526050758983175
158,2,1,0.37535224395100286
159,5,2,0.8210008229139109
160,3,5,0.9134416124052046
161,1,2,0.8524786534269353
162,2,2,0.651263012993661
163,3,2,0.7039648333138055
164,5,0,0.8449707589732525
165,4,3,0.8794953413655662
166,0,1,0.43676317618774746
167,0,1,0.6680596330461569
168,0,4,0.7521519907776902
169,3,1,0.5245619032822848
170,0,5,0.9202194407642109
171,4,0,0.8409745099180622
172,1,5,0.2275236642122313
173,1,2,0.5539293898868001
174,4,1,0.5711835016654032
175,2,0,0.9486814524072408
176,1,4,0.5216179724630315
177,0,2,0.7192277533043314
178,4,0,0.5421158635131315
179,4,1,0.6011881376947638
180,1,1,0.42687100854363597
181,0,1,0.6996992603614236
182,3,4,0.5372473562865451
183,5,2,0.8443998762159685
184,1,2,0.4048423228884442
185,1,5,0.7220491313695993
186,0,2,0.4813631347503908
187,4,0,0.29161401703206263
188,4,1,0.3414104063007828
189,2,1,0.2868747835427146
190,1,0,0.3056513962852623
191,0,4,0.7654772014221249
192,4,5,0.8781146728650843
193,2,2,0.8402603488265594
194,2,4,0.5998215642912156
195,0,4,0.802992978210426
196,0,2,0.4492935808525991
197,5,1,0.8997097322365732
198,1,4,0.7696609527895959
199,2,0,0.474721295173018
200,1,0,0.8513914983200412
201,4,2,0.8930629285892884
202,3,3,0.7030170075616758
203,3,0,0.5580106626712841
204,3,4,0.7169845102730013
205,5,0,0.6703376171993407
206,5,4,0.602430547668162
207,4,1,0.5339859591986522
208,0,1,0.24279277808358182
209,0,3,0.6437279982982592
210,0,5,0.855610034993575
211,4,2,0.9305935125628999
212,3,2,0.7861815802406837
213,3,0,0.28335764173513106
214,1,4,0.37306873460257184
215,0,0,0.23285268122866973
216,1,3,0.4002017867070525
217,4,3,0.24046355776217604
218,3,1,0.7742840006142873
219,1,2,0.7984495539490248
220,2,5,0.8620942448892639
221,4,4,0.7325494355491093
222,3,5,0.4502776340511781
223,3,1,0.7277904698780316
224,4,0,0.7836635899888894
225,1,2,0.8510593559923365
226,4,0,0.43613546418067567
227,1,0,0.45463981106450524
228,1,0,0.2645267401113886
229,0,3,0.7611371400829896
230,1,5,0.3029856196651713
231,0,1,0.38504288334768844
232,0,2,0.7991148984287318
233,1,2,0.5440961671399267
234,3,2,0.8616111164392073
235,5,2,0.9817386954637944
236,4,1,0.5448919016986141
237,3,0,0.4752138547250153
238,5,0,0.7740097184193955
239,5,4,0.5817349896888198
240,4,0,0.787979714847542
241,1,4,0.35522950854258467
242,1,1,0.611062598342825
243,3,5,0.47471742156559155
244,2,1,0.34121385227641765
245,4,1,0.769930813310807
246,4,4,0.3964945109875364
247,0,2,0.6994053556835963
248,4,2,0.9111800634739985
249,2,0,0.5259176754948044
250,3,4,0.7328056755859047
251,5,1,0.9387461118718021
252,0,4,0.821624226567044
253,3,0,0.6841098779922433
254,3,4,0.6624159977370627
255,1,4,0.41575343478784105
256,1,3,0.2734515573469496
257,2,5,0.4474297318817741
258,4,5,0.5893774401527906
259,2,4,0.7984735706555648
260,0,4,0.6336078655929082
261,4,3,0.6285147904126624
262,4,2,0.3757665887390598
263,0,1,0.2541000594156771
264,2,2,0.32400117436841136
265,0,5,0.34259245946179184
266,3,3,1.0267362775181466
267,0,0,0.499224816019001
268,3,1,0.9158223303673515
269,3,1,0.7802586552727517
270,1,0,0.4432177452430169
271,1,2,0.23665360546932193
272,4,3,0.3984381958041166
273,0,2,0.7778854299036171
274,4,2,0.44011568352811836
275,4,5,0.3490542907416101
276,2,4,0.19269352382145766
277,1,1,0.5356882865593436
278,3,1,0.5763234927796702
279,4,4,0.4928522395379136
280,2,0,0.4305938800428216
281,0,1,0.42881455542724745
282,2,1,0.16879881892256082
283,3,0,0.8471935130138631
284,5,0,0.7148429483053685
285,1,0,0.6841104091881204
286,3,3,0.5943612894376723
287,1,4,0.5956244289098015
288,4,1,0.5868294308426801
289,3,0,0.9500986564113145
290,0,4,0.7941884527051954
291,1,2,0.46330710318241686
292,3,2,0.7843824648423033
293,0,0,0.8457360420865488
294,3,4,0.7987853797383224
295,0,5,0.8360331194099373
296,3,1,0.5638384260023548
297,4,0,0.8095603571395772
298,2,2,0.4544424598107366
299,1,5,0.7773604396715589
300,0,1,0.7257110440173284
301,5,1,0.7536917639163407
302,4,1,0.6662469803303479
303,5,4,0.5848019484593227
304,0,2,0.9257541928640142
305,0,4,0.7247593691338529
306,1,4,0.8083874129730436
307,1,3,0.12038740485768082
308,4,2,0.738534430197072
309,4,0,0.9676174037264487
310,3,4,0.8429159348096944
311,0,3,0.5065664835548916
312,2,5,0.8129020181823992
313,3,5,0.4590842726542876
314,5,2,0.5276424475559601
315,4,5,0.40703509805322247
316,5,0,0.7889110253080995
317,1,3,0.4728773833115203
318,0,1,0.714385806635134
319,1,5,0.5232663680011952
320,3,5,0.7689708344329312
321,3,1,0.6992302520972848
322,0,0,0.3371996231032913
323,1,0,0.43258556818094684
324,4,1,0.824358651786727
325,0,5,0.4524646746454904
326,1,2,0.7044327135335152
327,1,2,0.5661229476619538
328,0,4,0.6395314475662561
329,5,2,0.7001910139455074
330,3,4,0.6744225727024378
331,4,3,0.7346011408759339
332,0,2,0.8384148037812067
333,4,2,0.34646516572072544
334,4,0,0.2652093106227547
335,4,2,0.6334038373681987
336,0,1,0.7876695687057125
337,1,1,0.2119493351068708
338,3,4,0.476688750988818
339,1,0,0.6565024048127532
340,0,3,0.4756861991177171
341,5,4,0.923826327758289
342,0,4,0.3432464627698293
343,4,4,0.7803018046708909
344,3,0,0.8185092383664534
345,2,0,0.3439093752152683
346,2,1,0.39272082330401564
347,4,1,0.6373029562639866
348,3,0,0.8492817472928738
349,0,2,0.5858024293885687
350,5,1,0.6656592789212057
351,1,4,0.7766849837885561
352,1,4,0.6951467691466389
353,3,3,0.8471607711424867
354,4,0,0.7284122713730313
355,2,2,0.5846959723080776
356,2,5,0.6864370240834402
357,3,1,0.8537125602790171
358,2,4,0.8099343208722104
359,3,2,0.3403369986373704
360,3,5,0.8402743058867997
361,4,5,0.3007059164897964
362,0,0,0.7377530827941772
363,1,0,0.6573273460991256
364,2,5,0.9087908517806483
365,0,1,0.7591913153391247
366,1,0,0.3487088223313896
367,0,3,0.908828403016673
368,4,3,0.8353367153438269
369,0,1,0.7188725712227734
370,4,1,0.6245846771814173
371,3,1,0.7638743066957813
372,1,4,0.8584726517251225
373,1,2,0.729867668924286
374,1,3,0.8546148544771995
375,4,0,0.9177305489567881
376,0,5,0.886787435165156
377,5,0,0.809147090543623
378,3,1,0.8017903446086824
379,1,2,0.936590235451742
380,1,5,0.6432294121252731
381,3,0,0.560109728691299
382,5,2,0.5618652085493163
383,2,4,0.7585806795829452
384,3,3,0.920160677198536
385,1,1,0.27635800981528497
386,0,4,0.8632923433828261
387,3,4,0.516830085704885
388,4,2,0.8449074038448858
389,2,2,0.41368591825686635
390,4,2,0.8659724523311867
391,0,2,0.8676497542192083
392,3,0,0.8696567890495083
393,5,1,0.7927668187515619
394,4,4,0.897529015320935
395,0,4,0.9490361418200043
396,3,4,0.7748491332673014
397,3,2,0.8262059962637209
398,5,4,0.9466301572485094
399,2,1,0.7658872141798903
400,1,4,0.787823404547935
401,4,1,0.9327400275302875
402,0,2,0.8020473721662569
403,4,0,0.9414436833198891
404,2,0,0.846583355478797
405,4,1,0.9251023800359836
406,2,5,0.7439644173777098
407,5,2,0.7664031851063818
408,2,2,0.6796499640495767
409,3,0,0.49119306796170026
410,0,2,0.5257976980179281
411,5,1,0.6791259759408402
412,0,0,0.24978090126792793
413,0,1,0.34379880058904366
414,1,1,0.36861565512226735
415,0,4,0.798965215622063
416,4,0,0.6891363035913077
417,4,0,0.8481208435874449
418,4,2,0.5286417221558036
419,3,1,0.8616030675614001
420,0,5,0.6136921026043544
421,0,4,0.9136657902794149
422,3,3,0.4336578935331617
423,4,1,0.7218206033983856
424,2,1,0.7531537466497873
425,1,5,0.5033195567120277
426,3,2,0.5549951712932508
427,1,0,0.2671105151421329
428,4,5,0.8172239895727008
429,1,2,0.35970542920936277
430,0,2,0.7838829945952912
431,1,0,0.7087184307161406
432,2,0,0.8553245245482276
433,5,0,0.844000288221743
434,3,0,0.6368207112983929
435,1,4,0.4786315118688051
436,4,2,0.7745761333436052
437,3,4,0.5931587505044494
438,4,3,0.891075625486629
439,3,1,0.5112162583199604
440,3,5,0.6533914971933876
441,0,3,0.8562218537433249
442,1,4,0.5099099570359397
443,1,2,0.47005267285590113
444,0,1,0.26807648267012374
445,2,4,0.7446955868993297
446,5,4,0.9253910427707701
447,1,3,0.6341353199620394
448,4,4,0.5464534034190512
449,3,4,0.6597174507683776
450,2,4,0.865879142689026
451,4,5,0.8268383800782965
452,1,2,0.8873673106987625
453,2,1,0.35333247757362113
454,0,5,0.7533643315584438
455,4,1,0.5675863275008426
456,4,0,0.905718704361646
457,3,0,0.6351057052310702
458,1,1,0.40510419650356727
459,5,1,0.86630720612209
460,1,0,0.6429893329675964
461,3,5,0.8596225355780811
462,1,3,0.9105304028905075
463,0,4,0.42543177759694734
464,1,5,0.2644760065968504
465,4,3,0.8890745293094892
466,3,3,0.8163989916880326
467,4,4,0.9264233680727173
468,1,2,0.7039522325732973
469,4,1,0.6816002803333581
470,3,0,0.44920052576439506
471,3,1,0.5136657155859529
472,0,0,0.1663084063603556
473,0,4,0.5664917975421042
474,1,4,0.8510710584477411
475,3,1,0.43995597812984494
476,0,1,0.03932986630596499
477,0,2,0.7395108927383686
478,0,2,0.7996178502091459
479,3,4,0.6402407895104579
480,4,2,0.7836509878433771
481,3,4,0.8982178906044733
482,2,5,0.8773566727127853
483,0,3,0.6655734292514675
484,2,0,0.15860837678410666
485,4,2,0.7934272068809521
486,2,2,0.5105300892321634
487,5,4,0.8963241902616522
488,5,2,0.8586053336926357
489,4,0,0.6948000277281154
490,5,0,0.8009122139116254
491,0,1,0.7728873690365857
492,1,4,0.8894303452246395
493,3,2,0.6874877441442115
494,1,0,0.6218502573404661
495,3,2,0.7922719243398468
496,5,2,0.7546755400459876
497,0,2,0.8860701868703902
498,1,0,0.4659125783301435
499,2,2,0.4713963171771679
500,1,2,0.8102473583208657
501,4,2,0.6095022379408465
502,0,4,0.6858637167468541
503,2,1,0.8816283654479918
504,4,3,0.8892365587033715
505,2,4,0.6507270297010572
506,3,1,0.7872196674640365
507,2,5,0.8397472585791713
508,4,2,0.8303920930433653
509,1,2,0.6511136349947141
510,4,1,0.796580109064905
511,3,4,0.6294563415080043
512,1,4,0.6961161219623582
513,5,0,0.8892022564458082
514,4,5,0.6103208263309783
515,5,4,0.9106844598668221
516,3,3,0.8926869806800379
517,4,0,0.7123739813628241
518,3,0,0.6700784933918449
519,3,5,0.798292018445054
520,5,1,0.7754637466499988
521,1,1,0.7358291227464818
522,3,4,0.89062288299897
523,0,1,0.6525538692506802
524,1,5,0.8636141790375553
525,3,0,0.892265731986107
526,3,1,0.8109602340825747
527,4,1,0.8018486935168698
528,1,4,0.7744298597846663
529,0,3,0.6932023810210318
530,0,2,0.5759223200715375
531,0,5,0.8797315713721107
532,4,0,0.7183429566167965
533,0,1,0.768320982548722
534,0,4,0.6282122049201718
535,4,4,0.6446670510769681
536,0,0,0.21760140586383367
537,1,0,0.23253256243962322
538,2,0,0.8925511985399867
539,1,3,0.8614845061344253
540,1,2,0.7708570355956169
541,5,2,0.6349165605966434
542,5,4,0.5458527617803749
543,2,0,0.560914281845323
544,4,2,0.46877990355609245
545,3,1,0.5730864213184069
546,0,3,0.7333903469278431
547,1,2,0.7313322320076607
548,1,5,0.893380244017574
549,2,2,0.32010309170300344
550,5,0,0.8908194939531087
551,4,3,0.20064446630171995
552,2,5,0.8016432718050348
553,1,0,0.5986789465625849
554,5,1,0.8121022252627044
555,0,2,0.9443631142301503
556,0,1,0.3528494401725807
557,1,4,0.5277262656320286
558,2,4,0.286949125621505
559,1,1,0.17551849413387752
560,3,4,0.5271927787324492
561,0,2,0.1567051424488772
562,1,0,0.23794663474353883
563,3,5,0.5248324708695473
564,1,3,0.694983819925344
565,4,0,0.47749082737285947
566,1,4,0.7749542102017302
567,0,5,0.7906663438152053
568,0,4,0.8951313199414642
569,3,0,0.7311909447957288
570,0,1,0.6571778850007018
571,3,2,0.23130021647543272
572,4,1,0.47187297745607315
573,0,4,0.713956314546835
574,4,2,0.16560346967797593
575,2,1,0.7670830181860994
576,0,0,0.5913424527296461
577,4,1,0.679147711314657
578,3,4,0.5125779769957004
579,4,5,0.9013620101433149
580,3,1,0.38843194468509784
581,4,0,0.969435600505505
582,4,4,0.8174870437678788
583,3,3,0.5058230570570559
584,3,0,0.7771767222405063
585,5,0,0.6921115372530027
586,1,2,0.5134991024169812
587,0,2,0.6770230350434967
588,2,2,0.5782216562456945
589,4,4,0.6550639686363231
590,0,2,0.7764806503954518
591,1,5,0.6049204464968925
592,2,4,0.5448534027445721
593,2,5,0.3303848017401271
594,1,4,0.7575031772156205
595,4,5,0.5270084018996195
596,3,1,0.2646808681615418
597,2,0,0.3189943235157921
598,2,1,0.14456135462519742
599,5,1,0.6119874070458216
600,4,1,0.5905893417045109
601,1,0,0.3408710999037637
602,5,2,0.7877032732300829
603,1,2,0.18283901952937537
604,3,0,0.6135858084408331
605,1,1,0.569648223842745
606,0,4,0.8339933351270495
607,0,0,0.21149801402386015
608,0,5,0.8861169252126946
609,4,3,0.35085343078344355
610,4,0,0.37036905563773675
611,3,4,0.6840162685574299
612,1,3,0.5746754795343801
613,4,2,0.9771430301412999
614,0,1,0.4769478442350585
615,3,4,0.6549178210601266
616,0,3,0.4871988208501075
617,3,0,0.1594630926288086
618,3,5,0.46486638079584697
619,0,4,0.4997962281504139
620,3,3,0.4764916878471337
621,4,2,0.7000666553553693
622,4,1,0.5415086762578825
623,1,0,0.1345152740134477
624,3,1,0.5950709649381267
625,1,4,0.6324751900438751
626,3,2,0.4050226207987905
627,0,1,0.2695854370720717
628,4,0,0.5679844583873789
629,5,4,0.39876058785264523
630,1,5,0.8788610345107177
631,3,1,0.4728354142185439
632,0,2,0.2972120704539169
633,4,4,0.7118763613706335
634,0,4,0.5866729964395333
635,2,5,0.9855965615320443
636,4,3,0.7867225233209205
637,0,3,0.5794269959144743
638,0,1,0.7202067306250133
639,5,4,0.604013553496574
640,2,4,0.7810205629926008
641,1,4,0.3438443077688355
642,1,3,0.7250956501993212
643,3,1,0.6252097139497821
644,4,5,0.4402323915272149
645,4,1,0.8230586048178835
646,3,4,0.9382675183651454
647,3,3,0.811071936663397
648,4,0,0.8281526883466668
649,2,0,0.6101999405320735
650,1,2,0.7051286404166173
651,2,1,0.7103095588728453
652,4,2,0.718772885613486
653,3,0,0.8745545825964788
654,1,1,0.6232828345180783
655,3,0,0.5703860067007387
656,5,0,0.9231224707028144
657,3,5,0.7978558399302125
658,1,0,0.781996122808857
659,1,4,0.7556163761282234
660,4,1,0.8304781813911974
661,1,2,0.824380729688915
662,0,4,0.9483583980373718
663,3,4,0.23310306533414615
664,4,0,0.8420410364788979
665,0,0,0.6083507864971114
666,5,2,0.5312030935525327
667,5,1,0.8653000465344078
668,4,2,0.32397915123994453
669,2,2,0.6494117102076196
670,1,0,0.24751409645791042
671,0,5,0.8739291530284564
672,0,2,0.6993791092709868
673,0,1,0.06545417939138137
674,3,2,0.8075475065034525
675,2,0,0.7161924069602206
676,3,4,0.5712415575404505
677,2,5,0.3585280225969815
678,4,2,0.5597708263329871
679,1,4,0.6055119723357204
680,3,1,0.5889073756437443
681,0,2,0.7637871162872529
682,1,5,0.6748766525806223
683,3,4,0.2872094093504199
684,1,4,0.7486482295130842
685,3,5,0.6805999844354066
686,3,3,0.611274180597524
687,2,4,0.2827100573287312
688,4,4,0.5351607904532427
689,3,0,0.6264694036274591
690,5,0,0.8618753429752813
691,1,2,0.4339859527357654
692,0,3,0.7305541142135298
693,4,0,0.7769837078645345
694,1,0,0.4683034591058899
695,5,1,0.8910241701930773
696,0,2,0.7592280521157844
697,0,1,0.8210532327907228
698,4,1,0.23115668351508167
699,0,5,0.8860061598202968
700,3,1,0.5954758085551156
701,5,4,0.6818230417603426
702,4,0,0.647494758612718
703,3,2,0.45677057009064326
704,0,0,0.3823416949150458
705,1,2,0.4939887083986994
706,4,1,0.8739523592695678
707,1,1,0.5505747015637507
708,0,1,0.745307027896354
709,1,3,0.794623055643384
710,1,0,0.3772412936607556
711,4,5,0.5598150386109816
712,0,4,0.9050352213134397
713,4,3,0.8320187606895626
714,5,2,0.8370433796726398
715,2,1,0.2134777268272507
716,2,2,0.259672336186745
717,4,2,0.4596815330582644
718,3,0,0.7562653618249978
719,0,4,0.7587932367851565
720,1,1,0.30091332902509754
721,5,4,0.44413620673110676
722,4,2,0.37428637900508926
723,0,1,0.2652601052668935
724,0,5,0.4418259618645588
725,4,1,0.7667686270297875
726,4,1,0.8359891680705751
727,0,0,0.22088306055398285
728,3,1,0.7436491478227995
729,2,2,0.5063368479379097
730,4,5,0.658841793048175
731,3,0,0.5703260591042036
732,1,4,0.8494705152289725
733,0,2,0.651671060290544
734,1,4,0.5032504494968865
735,0,4,0.4737568410027393
736,4,3,0.5603396062736777
737,3,4,0.4294148949763423
738,1,2,0.5472419953957234
739,4,4,0.4922730612889391
740,5,2,0.8259440772219792
741,4,0,0.791708884388985
742,1,2,0.5391176620893287
743,5,0,0.8781404845979304
744,1,0,0.18122266613660387
745,0,1,0.26164931641128425
746,3,3,0.7011160928353143
747,3,1,0.49933532683840315
748,4,2,0.5716195367180898
749,0,4,0.5277851256737841
750,3,0,0.6485568621675802
751,4,0,0.550214882143769
752,5,1,0.7836587562115186
753,1,0,0.44152869000958606
754,0,3,0.755966314636732
755,3,4,0.6034038249050488
756,2,0,0.3958023243660813
757,2,5,0.6570865508524272
758,3,5,0.5052755289810098
759,0,2,0.5007754659520858
760,1,3,0.29001502394264916
761,3,2,0.6392161648913118
762,1,5,0.7105357671606509
763,2,1,0.5457341825872281
764,2,4,0.6111212085626058
765,3,1,0.6455702217757358
766,1,0,0.32801143791318865
767,4,5,0.7515899074184307
768,2,1,0.8361699055657872
769,0,1,0.7738020085965213
770,4,1,0.5787572543324071
771,2,4,0.7247942437149911
772,4,0,0.785675390466053
773,1,2,0.3672323244931281
774,1,1,0.728330393757006
775,3,0,0.37528001650541126
776,0,4,0.7742692718694759
777,3,0,0.6820060519557556
778,1,4,0.6320476598806997
779,5,0,0.49846938663835944
780,1,2,0.5407371201486412
781,1,0,0.5202149301128391
782,3,4,0.6859046797605731
783,1,3,0.6993130916699875
784,1,5,0.42497542089567464
785,5,1,0.5997326527013848
786,5,4,0.779762906355919
787,3,3,0.4199387431651599
788,2,2,0.17526558574455997
789,4,3,0.7871240608914536
790,4,2,0.7758903661669576
791,0,5,0.9233634059000178
792,3,1,0.8405945677062124
793,0,1,0.8100365924916977
794,4,0,0.7953977439354464
795,0,3,0.8705933069688259
796,1,4,0.5770364367674785
797,3,2,0.5445813171390717
798,5,2,0.888732731827091
799,0,4,0.6814177254067647
800,0,0,0.5188728739211769
801,2,0,0.7798429747510293
802,3,5,0.7742629533469889
803,4,4,0.8547911321314945
804,3,4,0.6199777855206983
805,0,2,0.8420455035659427
806,4,2,0.23144806377606741
807,2,5,0.8400343246552613
808,4,1,0.709639776334067
809,0,2,0.6969938569243277
810,5,0,0.625713840034805
811,3,5,0.34620796747355986
812,4,4,0.7140645746872717
813,4,1,0.9408632666480639
814,4,2,0.760586990256183
815,4,2,0.5360178425574713
816,0,2,0.47321115176086215
817,0,5,0.8998248679170165
818,4,0,0.8849274977901558
819,2,2,0.5800196666315748
820,4,1,0.7956454575187856
821,0,1,0.3322570887032469
822,3,0,0.45450004454011717
823,3,4,0.3741492291420573
824,4,0,0.8683568608746679
825,0,4,0.8597591581256001
826,3,3,0.6523950696696053
827,1,5,0.8305389070966098
828,5,4,0.8831606124888779
829,4,5,0.3786117686523796
830,1,0,0.4311642909978961
831,0,2,0.7154839841016765
832,1,4,0.7654276601884452
833,2,4,0.849941019958025
834,3,1,0.7149934195126016
835,0,4,0.5871480993642832
836,1,2,0.33825857823799055
837,1,2,0.7247150490976618
838,2,1,0.6494592572634483
839,5,2,0.6928808554916396
840,1,3,0.6638872337102517
841,2,5,0.7674743079923317
842,1,1,0.04693143847238658
843,0,3,0.6067777518979744
844,3,2,0.3766877932414614
845,4,3,0.6590814650922745
846,0,0,0.6135011577724183
847,3,4,0.7047934072447144
848,1,4,0.13276344342390387
849,1,0,0.4904230866530898
850,3,0,0.8033269035398197
851,5,1,0.9227038367545305
852,2,0,0.7756700575878096
853,3,1,0.8259725803423118
854,0,1,0.6392943350515305
855,4,4,0.9526892100770209
856,4,2,0.3461615245481714
857,1,0,0.3700171511341093
858,0,2,0.6698192518287073
859,0,1,0.4616364580703637
860,3,1,0.4642841592059667
861,3,1,0.4990570895483205
862,1,4,0.5738936549912304
863,4,1,0.8582476164944094
864,5,0,0.7290002313220288
865,0,4,0.9560093960924145
866,0,5,0.6052041839139343
867,0,4,0.549293901442369
868,2,0,0.8414214127458672
869,1,0,0.8098314040182159
870,3,2,0.7748115973331611
871,3,0,0.8871715100446925
872,1,2,0.7088057734759977
873,0,3,0.5601836805113088
874,5,2,0.9135808202633046
875,5,1,0.8178798363237628
876,3,0,0.6709793565935362
877,4,5,0.8702519214305484
878,4,3,0.8699310545791834
879,1,4,0.7862482752560301
880,3,4,0.5076091486272516
881,0,1,0.7460267784197399
882,3,5,0.863262409661505
883,0,2,0.5458286661888998
884,3,4,0.20063910395448142
885,2,1,0.6525184147882099
886,4,2,0.9228406231023812
887,0,0,0.4151753685552744
888,3,3,0.5709194915918243
889,4,0,0.3526155762903953
890,1,1,0.7261964602975362
891,4,1,0.785296567618491
892,2,4,0.7822987013263263
893,4,0,0.9162149912050104
894,2,2,0.8594606252656253
895,1,2,0.5303206813308723
896,1,3,0.6213064796184772
897,1,5,0.8583789296017753
898,2,5,0.9210764005151173
899,5,4,0.8759867822274704
900,1,1,0.6125599341734809
901,1,0,0.6805210868720061
902,3,1,0.6385035704769858
903,4,1,0.8269389860781172
904,3,1,0.7297922008897991
905,0,1,0.5541105722039894
906,5,4,0.32108846687454706
907,0,5,0.8414777530775365
908,5,0,0.7806720700131072
909,0,2,0.7359608299772332
910,3,2,0.24492455068961316
911,4,0,0.6405158569334404
912,0,3,0.7210247659736085
913,1,2,0.53038337142581
914,3,3,0.7350175211691077
915,0,2,0.8956358804201525
916,5,1,0.9237793056788796
917,4,1,0.4846773022017004
918,3,4,0.5700884858299462
919,1,4,0.43351553601459764
920,4,3,0.33400355819905625
921,2,0,0.34742669406174254
922,1,3,0.6588334295852466
923,3,0,0.25970151710630746
924,2,2,0.6088774422720834
925,3,5,0.7805369263520311
926,1,0,0.2660196666199499
927,4,0,0.5732213595409138
928,4,2,0.9211875034986972
929,1,4,0.6603531602374935
930,4,4,0.37630492021359463
931,4,2,0.5693254777738369
932,1,2,0.225940597249738
933,3,4,0.5640826467305446
934,2,1,0.24399406595868636
935,0,0,0.3701524566773085
936,0,4,0.8663591247007096
937,0,4,0.6364719127037384
938,0,1,0.8164847497648506
939,3,0,0.83243430613821
940,2,5,0.716365072674022
941,4,5,0.4886133522383855
942,2,4,0.5281633717861419
943,5,2,0.6381849923826195
944,1,5,0.9609825235802328
945,4,2,0.6421175876985293
946,4,1,0.8563755347623815
947,2,5,0.6527517705675623
948,3,3,0.4137550371511718
949,4,1,0.6164116253203205
950,3,5,0.8195953690379856
951,2,4,0.8678396134462082
952,2,2,0.46284630597292475
953,3,0,0.8751012263373892
954,1,0,0.6493615537558527
955,3,4,0.5911057689049843
956,4,3,0.9145997785310563
957,5,2,0.49553775827799634
958,0,1,0.8575452253512168
959,1,4,0.8215541786042452
960,0,5,0.7151172110331664
961,0,2,0.745088726131646
962,4,0,0.40193453063901846
963,0,4,0.5838611809657868
964,1,1,0.43990566694576344
965,1,0,0.2483830989745823
966,0,4,0.4895123687806681
967,0,0,0.3022472377213023
968,5,0,0.7805786929831428
969,2,0,0.2895003442272318
970,0,1,0.7467768941954936
971,3,1,0.5241964591685254
972,1,3,0.8498583237342398
973,4,2,0.3423608542712215
974,4,0,0.4780232082682339
975,3,1,0.9540123742173446
976,5,4,0.3746427623460158
977,2,1,0.5987650235510356
978,1,2,0.7975393042481281
979,5,1,0.5817910691182576
980,4,4,0.8431553033184727
981,1,2,0.5524114245122288
982,1,5,0.7287878724183233
983,0,2,0.5747816415787801
984,3,4,0.7585783365542611
985,4,5,0.5038016772081036
986,0,3,0.5227304616871656
987,3,0,0.4989779127056467
988,3,2,0.19627352719361402
989,1,4,0.7873755597165277
990,3,1,0.8574928163261155
991,2,5,0.7970491637154775
992,1,4,0.6270719593079619
993,4,5,0.8067990186256032
994,5,4,0.6755663344997814
995,4,1,0.6669944107114111
996,4,4,0.9181695961164877
997,0,3,0.4438064524402815
998,1,1,0.49063140827801777
999,2,4,0.7946425311876693
1000,5,1,0.850723820696293
1001,0,1,0.6248395138948563
1002,1,0,0.3838534755102241
1003,3,5,0.7545314134419948
1004,1,0,0.8122737527614378
1005,5,0,0.8754611923554211
1006,4,1,0.8667201355615125
1007,4,0,0.6580032109421531
1008,4,2,0.7128403195181063
1009,3,0,0.4379973176306047
1010,1,2,0.8299553743888989
1011,0,4,0.7567297104756348
1012,0,2,0.7672469996256713
1013,2,2,0.8080423090025626
1014,0,0,0.6358058329581561
1015,4,3,0.8122975095378017
1016,5,2,0.9045607073717086
1017,0,1,0.8998697683139013
1018,1,2,0.7141393787429969
1019,1,4,0.7605397952734249
1020,4,0,0.4990158100032984
1021,4,2,0.873845424898478
1022,3,1,0.8159817903885566
1023,3,4,-0.015942249915209115
1024,0,4,0.7197880177040015
1025,1,3,0.6094131023543836
1026,3,4,0.870550253076198
1027,3,2,0.850244855748322
1028,3,3,0.8952652797019734
1029,2,0,0.6039913359867659
1030,0,2,0.6528744935989432
1031,3,0,0.7961482607800001
1032,1,5,0.7268650954951604
1033,2,1,0.4597676032847095
1034,0,5,0.8624063297584983
1035,1,2,0.6253443585160657
1036,0,1,0.31087734814703294
1037,2,5,0.30794207314421196
1038,2,4,0.8191920978892449
1039,3,4,0.34872177403198057
1040,0,0,0.04716759811030504
1041,5,4,0.3979279966893752
1042,0,3,0.5143190579941034
1043,0,2,0.6700789256467816
1044,4,5,0.38079632282236436
1045,4,0,0.825037893469984
1046,1,5,0.6691517762840273
1047,5,0,0.9460172477533555
1048,2,2,0.3272733033296582
1049,4,4,0.27202232749175104
1050,4,3,0.8863054491575727
1051,4,1,0.8815265600937008
1052,3,2,0.699536494680135
1053,5,2,0.8470770628846226
1054,3,1,0.8958146411099989
1055,1,2,0.7965600137144145
1056,3,4,0.7342382084360923
1057,0,2,0.8489279319633194
1058,0,4,0.4674609210595012
1059,1,0,0.8606457348614345
1060,1,4,0.22348048888176641
1061,2,1,0.3483278260816861
1062,3,1,0.7514913030238911
1063,3,3,0.14257243240776735
1064,0,5,0.7052207509888285
1065,3,5,0.7383368043062405
1066,3,0,0.8649311703506792
1067,4,2,0.8493313850527136
1068,4,1,0.7574732249791905
1069,4,0,0.7396864788365517
1070,1,4,0.770769662910265
1071,1,0,0.49517620419007724
1072,5,1,0.9436213920824201
1073,3,0,0.6569387904029005
1074,1,1,0.5535006893589539
1075,0,4,0.8182644016104458
1076,2,0,0.17812342442409262
1077,0,1,0.5853203809950627
1078,1,3,0.649536075684734
1079,4,2,0.26258985365972964
1080,0,3,0.72794187732468
1081,5,2,0.6686802698305931
1082,3,0,0.4248474172896518
1083,5,0,0.9573220240054516
1084,3,1,0.6143672910659499
1085,2,0,0.621610172584542
1086,4,0,0.7290256797553076
1087,1,4,0.5850607759407226
1088,3,1,0.3747589297188348
1089,0,4,0.8553121616689962
1090,1,5,0.9065256092522141
1091,2,5,0.3930496516106037
1092,3,5,0.46185770193459136
1093,0,4,0.9438288939683904
1094,4,3,0.8280275781281525
1095,1,0,0.28626201050911443
1096,1,2,0.20191785790794214
1097,4,1,0.8126397113930336
1098,5,1,0.6574265734416392
1099,3,4,0.627653136239652
1100,3,0,0.6864872185181874
1101,3,2,0.600143310103208
1102,0,0,0.39306387832298373
1103,2,1,0.43312537560221226
1104,2,2,0.6726407726714698
1105,0,2,0.5871188049386791
1106,1,2,0.2927579495479559
1107,5,4,0.7127408713238509
1108,4,2,0.5919531831491432
1109,3,4,0.06801072267660507
1110,1,3,0.6987355999826441
1111,4,1,0.946053179471504
1112,1,0,0.6823276849830785
1113,4,4,0.8466192562042386
1114,4,5,0.830557595366965
1115,0,5,0.8492419783538537
1116,0,2,0.771120843240775
1117,1,4,0.3619805540419118
1118,4,0,0.6011471192419431
1119,1,1,0.1898919075424583
1120,2,4,0.27407892592519323
1121,0,1,0.6384381597020613
1122,3,3,0.6468249829845765
1123,0,1,0.24004786436328854
1124,4,2,0.7111343646372735
1125,3,5,0.667229348587986
1126,4,0,0.9744001405328401
1127,3,4,0.6246414514315686
1128,1,2,0.30096038429003746
1129,4,2,0.5801934044116733
1130,5,2,0.5604963267857132
1131,5,1,0.726391526246564
1132,4,4,0.7986006391834369
1133,1,5,0.7208894087165332
1134,0,5,0.36459161338304147
1135,0,4,0.5790310617869308
1136,5,0,0.7222765250842655
1137,3,4,0.7718538341157742
1138,0,0,0.19877452082736577
1139,1,4,0.4510364167883258
1140,1,3,0.7683199038180858
1141,1,4,0.7770648183929125
1142,5,4,0.5072390881624307
1143,1,2,0.5331901828021216
1144,0,1,0.5008768400980164
1145,4,0,0.8202049823523195
1146,3,1,0.6740540270345686
1147,4,1,0.7711659479344682
1148,0,2,0.6798941895358573
1149,3,3,0.6257102345519104
1150,4,1,0.9217256913483669
1151,4,5,0.4686183961185235
1152,4,2,0.5778121773401522
1153,3,1,0.43560585134544194
1154,2,2,0.6771274327122306
1155,3,0,0.7513680090833204
1156,3,0,0.40907337397627747
1157,2,4,0.2874900604427836
1158,1,0,0.3483301245260456
1159,0,3,0.8658659939740365
1160,0,1,0.473284547306754
1161,1,0,0.4241899400680494
1162,3,2,0.6425583107544667
1163,2,0,0.6006588445498939
1164,2,5,0.6236107563974387
1165,4,3,0.6474551995671528
1166,0,2,0.8076586344491551
1167,0,4,0.9138130516605655
1168,1,1,0.11903378638326327
1169,2,1,0.7203220298156663
1170,1,4,0.29051870832486815
1171,0,1,0.530408417418214
1172,1,0,0.7999904331238619
1173,4,0,0.8222279833650401
1174,3,0,0.8950906907475528
1175,3,0,0.6649478334834587
1176,5,2,0.843016219245301
1177,1,1,0.4708112820437814
1178,0,2,0.7647703465711634
1179,2,4,0.2621059318001779
1180,3,2,0.21264531728253658
1181,5,4,0.36726558815038474
1182,4,0,0.36644560890821865
1183,3,5,0.6193414817727683
1184,1,0,0.6621993727792429
1185,3,4,0.4920610531739295
1186,3,4,0.6423161630449522
1187,1,2,0.6605576394495136
1188,4,5,0.6774230976150561
1189,0,4,0.7972533435900366
1190,5,1,0.8004084453153214
1191,2,2,0.7812391599723639
1192,3,1,0.5709281397810053
1193,4,3,0.7760875493811653
1194,3,3,0.6966111215785896
1195,0,4,0.9128817380907543
1196,1,2,0.6329799743778448
1197,0,2,0.8183584639849147
1198,5,0,0.9621255485696166
1199,0,0,0.3609401678945671
1200,4,2,0.6360264766680045
1201,2,1,0.21805812481092232
1202,4,1,0.783786038756608
1203,2,0,0.5803268713111132
1204,1,3,0.6364328489681923
1205,1,4,0.7360990358622264
1206,0,3,0.7535120992149338
1207,2,5,0.846492530969896
1208,1,5,0.8672521131029238
1209,4,2,0.7658421204714785
1210,0,1,0.5077509632838001
1211,0,5,0.9138286638384445
1212,4,4,0.4619366918267511
1213,3,1,0.6237839220432375
1214,4,1,0.7582029882810161
1215,1,0,0.25781457685298464
1216,0,1,0.9258295436733044
1217,5,2,0.60030097826929
1218,0,4,0.8825072541195588
1219,0,2,0.7764686794194265
1220,1,2,0.3716434428970023
1221,1,3,0.23495505764822192
1222,3,1,0.4861932232862335
1223,0,4,0.8703914468752725
1224,4,2,0.593257917762401
1225,4,0,0.8131526000100648
1226,1,0,0.4391070437862314
1227,3,4,0.4769597068777555
1228,0,3,0.8896741602824236
1229,2,5,0.5296590265660087
1230,4,4,0.5008730378767795
1231,3,1,0.5058224153980233
1232,0,0,0.6954493057082659
1233,0,2,0.7033404167807304
1234,4,3,0.954261542219441
1235,3,3,0.40398291440652634
1236,5,1,0.5293131465997891
1237,1,2,0.5379664502876081
1238,5,4,0.4812817536037389
1239,4,1,0.8833441672590114
1240,4,2,0.5377880253708665
1241,4,5,0.3014261565360697
1242,2,1,0.550322747209793
1243,0,5,0.8706124392465403
1244,0,1,0.6252911847660427
1245,2,2,0.41278164895739183
1246,2,0,0.8667025827187479
1247,3,4,0.6390870577353598
1248,3,2,0.3550439409281132
1249,4,0,0.5827435704898588
1250,1,5,0.8919557567506909
1251,2,4,0.29703026168773206
1252,3,0,0.7767451681968266
1253,1,1,0.8386146175360333
1254,5,0,0.783853178372938
1255,1,4,0.8896104720050365
1256,4,1,0.7626866533538946
1257,3,0,0.5680835620350912
1258,3,5,0.7410595643740643
1259,1,4,0.7007391932911231
1260,1,4,0.6606100056538359
1261,1,2,0.3363447009138174
1262,1,5,0.8245155849182643
1263,5,1,0.6703427438761773
1264,3,0,0.009682981746946769
1265,5,4,0.06649194797847338
1266,3,4,0.6522992482526888
1267,2,2,0.5349787447233197
1268,0,0,0.25470273213114963
1269,4,1,0.4548639739065656
1270,3,0,0.524800376680664
1271,0,4,0.5387065977008746
1272,5,2,0.5532755348221752
1273,2,1,0.6122587905564013
1274,0,1,0.45603670204316615
1275,3,1,0.4936876660001736
1276,1,2,0.8242374030057525
1277,1,1,0.08200152949314428
1278,3,2,0.3550070910775698
1279,2,0,0.2898978984709031
1280,1,4,0.8525231997782915
1281,0,2,0.5636885608079304
1282,3,4,0.7175053282289395
1283,0,1,0.41885598027999266
1284,4,0,0.8044457007538356
1285,1,0,0.4454188802493832
1286,2,5,0.44823873430817823
1287,4,2,0.1087496157221805
1288,4,2,0.7813526151563189
1289,3,1,0.3349219549655611
1290,1,3,0.6427530064403169
1291,3,5,0.5302109568841634
1292,4,1,0.6450652822068695
1293,1,0,0.6728964038160177
1294,4,5,0.8228512462655967
1295,4,4,0.4799203059456931
1296,3,3,0.5922908098113755
1297,2,4,0.6992698870340814
1298,0,3,0.43712152909488694
1299,4,3,0.7496959251151731
1300,5,0,0.8002319849093269
1301,0,5,0.6895294199667981
1302,4,0,0.8720939134988559
1303,0,2,0.5280701237656661
1304,0,4,0.6729193292447124
1305,3,4,0.6958833492222637
1306,3,1,0.6653535898753333
1307,2,1,0.26393535378899974
1308,3,2,0.7209559384153147
1309,1,4,0.8688685690056424
1310,3,0,0.6682436789151757
1311,1,2,0.7298677880869137
1312,2,5,0.7025317476789277
1313,4,0,0.7731413348428389
1314,1,0,0.17895308432385118
1315,4,1,0.8535832033421911
1316,0,5,0.9064536734675369
1317,5,2,0.6285428673721265
1318,3,5,0.7569643452303497
1319,1,5,0.5409963132863006
1320,4,3,0.6634156518763678
1321,0,4,0.8675153738520568
1322,4,1,0.8162388046773797
1323,2,0,0.5016762626721485
1324,2,4,0.42747484021635346
1325,0,2,0.9268515627418881
1326,5,0,1.0068724418895696
1327,0,2,0.8842788700218469
1328,4,5,0.23828091564619558
1329,4,0,0.8996564467894244
1330,5,1,0.8518483026360223
1331,0,1,0.7399815869480736
1332,4,4,0.6916172823433014
1333,3,1,0.8011762427012946
1334,1,3,0.653071601178689
1335,1,4,0.10587445679873633
1336,4,2,0.8996412872113457
1337,0,3,0.7462072100467898
1338,0,1,0.21410508518529975
1339,3,3,0.7103764096589629
1340,1,1,0.21326548443854704
1341,1,2,0.5976828871275452
1342,2,2,0.5665249195453669
1343,3,4,0.8497671739003128
1344,3,0,0.5205522546090897
1345,0,0,0.6862394182122752
1346,4,2,0.8629841690548694
1347,1,0,0.7635789306179598
1348,5,4,0.4402141920486376
1349,0,4,0.9356621688740919
1350,3,1,0.5593233449347161
1351,0,4,0.8609868974376286
1352,0,3,0.9665164961169703
1353,1,2,0.21962029226894275
1354,4,5,0.4320584578218859
1355,3,2,0.6803727407931714
1356,3,0,0.5826067616080288
1357,2,0,0.7733910302388061
1358,2,4,0.4225509457825632
1359,3,4,0.44090639605576315
1360,3,3,0.2905906564962692
1361,2,1,0.50846156020394
1362,0,5,0.6966291385331864
1363,4,0,0.8092449988494801
1364,4,3,0.732518577200253
1365,1,1,0.558321076202311
1366,3,1,0.884036589137848
1367,1,4,0.911302565668791
1368,2,2,0.049532587015588644
1369,4,1,0.7558214355758438
1370,0,1,0.8330625517762402
1371,5,2,0.8323303742881776
1372,0,0,0.2594354128259796
1373,4,4,0.9223147762339192
1374,4,2,0.8863964590497027
1375,0,4,0.8995976073557627
1376,5,0,0.8611791546373196
1377,1,5,0.5589539784414926
1378,1,3,0.026971141267728576
1379,1,0,0.3033070649207095
1380,0,1,0.41667453316318787
1381,1,0,0.38744831050046197
1382,3,5,0.40626949187310546
1383,3,4,0.7210161438460229
1384,1,4,0.7175807386252558
1385,2,5,0.38878080598885933
1386,0,2,0.8425132752548552
1387,4,0,0.15914957455335207
1388,3,0,0.8494533451598804
1389,0,2,0.6345509493630286
1390,4,2,0.7465513170696083
1391,5,1,0.880873766033681
1392,4,1,0.6987634953805636
1393,1,2,0.6107511115551381
1394,5,4,0.7802762277013773
1395,1,3,0.35132412947132524
1396,4,1,0.6592964218017083
1397,1,2,0.7685647195361155
1398,0,2,0.1316594971744942
1399,3,0,0.7835639984516708
1400,0,4,0.8776900039079624
1401,4,1,0.382051810039979
1402,5,2,0.32362982076268104
1403,1,1,0.28459210015523284
1404,2,5,0.7195611275294538
1405,5,1,0.906312197135779
1406,2,2,0.5452175013248719
1407,4,0,0.17403143214111014
1408,3,5,0.5834271318532911
1409,0,0,0.11732062909620433
1410,0,3,0.5593500737103907
1411,3,4,0.5887786986340794
1412,3,1,0.24882238114324784
1413,3,3,0.4590224446144909
1414,5,4,0.8878327664541459
1415,4,4,0.5380429878898598
1416,1,0,0.6091641749991112
1417,2,4,0.3495024919644357
1418,3,1,0.7896991201272336
1419,2,1,0.7032483219067662
1420,2,0,0.6102047005258948
1421,3,2,0.4758800567351874
1422,0,4,0.7095604520000943
1423,0,1,0.25418715040520246
1424,4,2,0.7215121092669471
1425,5,0,0.9033055825801077
1426,0,5,0.7371114891785465
1427,4,0,0.8465426339021221
1428,4,3,0.8997024230172911
1429,4,5,0.712154361940623
1430,4,2,0.5025289614065828
1431,1,5,0.43256216390624846
1432,0,2,0.4233122440788477
1433,1,0,0.17528000743339675
1434,3,0,0.6379005230777439
1435,0,1,0.4908904814518782
1436,1,2,0.24916851672738127
1437,1,4,0.9196436967487106
1438,1,4,0.7980719149364565
1439,3,4,0.7928273046977186
