,LVal_bin,RVal_bin,confReport
0,1,1,0.11052644320818034
1,5,0,0.7809807992905119
2,2,5,0.5172577849705037
3,3,4,0.5940073080932116
4,4,0,0.806278607305287
5,1,0,0.4004368677345194
6,2,2,0.6540826902173089
7,3,5,0.8538263289095989
8,3,1,0.8486112468342016
9,0,4,0.875125706976816
10,2,4,0.32666207773401174
11,0,3,0.8590086441223607
12,1,2,0.8039431317828372
13,1,4,0.9086032533086488
14,4,2,0.7374143866693124
15,4,3,0.5628500768415751
16,4,1,0.6949573017888648
17,4,5,0.647134316643656
18,0,2,0.6404895604183403
19,1,4,0.7632348071856797
20,1,5,0.8172536044802527
21,4,1,0.723772550365811
22,3,3,0.8038734992468547
23,2,1,0.3882264604652406
24,3,4,0.6879927150619614
25,0,1,0.5779033226016718
26,3,2,0.5805590697674922
27,5,2,0.7579454769298484
28,3,0,0.5030858818774834
29,3,1,0.5862898858542508
30,5,1,0.8218803216064484
31,1,2,0.7876181891553948
32,0,2,0.6327331593116349
33,0,1,0.7142102128887691
34,2,0,0.6766669193924945
35,4,2,0.7705815890987195
36,4,0,0.6891827027639634
37,0,0,0.6120354004118307
38,0,5,0.7404100656254169
39,1,0,0.5840230744759185
40,5,4,0.8612036404924356
41,3,0,0.8820182531574992
42,4,4,0.7130784583878642
43,0,4,0.780964568316395
44,1,3,0.6841903067187652
45,3,0,0.8133446686216198
46,3,3,0.6322891482795687
47,1,0,0.6529965957523396
48,0,1,0.6083550585040912
49,3,4,0.339735816077855
50,3,5,0.7981644017705424
51,1,4,0.6913955748657821
52,3,2,0.8572177341951492
53,0,1,0.7725442183214223
54,0,2,0.7831713274203728
55,4,3,0.8409894256497449
56,1,5,0.7035859173144811
57,0,4,0.8614108581012282
58,4,2,0.7235923825207915
59,3,4,0.6137954078534249
60,4,0,0.8822792111758505
61,2,2,0.4939327636991597
62,2,1,0.8329504582577156
63,3,0,0.3898261524466366
64,0,3,0.6401233921180228
65,1,4,0.7271134261036141
66,2,0,0.8680972940352372
67,4,1,0.7239469732466159
68,5,4,0.6908539816294503
69,0,2,0.7305702724305423
70,1,1,0.8493097687159304
71,4,2,0.7165634792274855
72,0,0,0.7644970019040004
73,5,2,0.9016083190433462
74,2,5,0.8771512632374258
75,4,1,0.9921245715815711
76,1,3,0.47120612596645806
77,0,4,0.7578254269236088
78,4,4,0.45489729592047823
79,5,1,0.7538241724229158
80,2,4,0.8523260437820428
81,5,0,0.7008522345326199
82,1,0,0.5567635612960449
83,4,0,0.7479196020736761
84,4,5,0.5982636136401265
85,3,1,0.7579243710306649
86,1,2,0.412617812748259
87,3,1,0.5759496309218195
88,0,5,0.8295115669128027
89,1,2,0.6837700953531662
90,4,0,0.7807719524731014
91,1,0,0.4900854834863201
92,0,3,0.9100694546941078
93,3,1,0.5413927828041017
94,3,3,0.6563220305508638
95,1,4,0.7357140197944392
96,0,5,0.8520319561478792
97,0,1,0.5673476954965294
98,1,2,0.8607751028693001
99,3,0,0.8024685517106306
100,5,1,0.4800559745935564
101,4,3,0.613378740853222
102,4,1,0.4875896559338957
103,0,4,0.919796215063907
104,1,5,0.6591714783270829
105,3,0,0.2268680329817725
106,4,1,0.46026750226529334
107,1,4,0.4294376906916577
108,1,2,0.6940717023313486
109,5,4,0.4061543059115277
110,0,1,0.5553411135813692
111,2,5,0.7530831600883968
112,5,2,0.5612285379664331
113,4,5,0.6527036056477303
114,3,2,0.5235741505362513
115,4,4,0.4139783561243712
116,1,1,0.5427080595803541
117,4,0,0.7712755373587282
118,4,2,0.49709819024631063
119,0,4,0.9028110366812956
120,3,4,0.38805507361059866
121,3,1,0.8235961276419432
122,2,4,0.7430215198176047
123,3,4,0.7617579642208611
124,0,2,0.7356053262930234
125,3,5,0.5976063820853434
126,4,2,0.6493594475614145
127,1,0,0.6382474476534203
128,0,0,0.7193769341734271
129,5,0,0.8512684130615867
130,2,1,0.6126514806944232
131,2,0,0.5448402988429598
132,2,2,0.4090694028187232
133,0,2,0.8786635096703971
134,1,3,0.5640640507839733
135,3,0,0.7377291632265589
136,0,2,0.7343945544057632
137,4,2,0.5796770452057499
138,3,3,0.7084535018580121
139,3,4,0.47101402885851307
140,5,4,0.7130380929476332
141,2,4,0.5844782296628143
142,4,2,0.6962234271425267
143,2,5,0.11202851231528135
144,3,0,0.7783387679868611
145,4,5,0.590871868359532
146,4,4,0.5847592584284844
147,0,3,0.604088802947252
148,0,4,0.6130514224157979
149,1,4,0.5951071335180711
150,1,1,0.45074010722328567
151,3,1,0.8958522044443131
152,3,4,0.7473626159738479
153,5,1,0.7295788758888878
154,0,0,0.5278444816941436
155,1,3,0.5456674967617146
156,1,0,0.50415558837366
157,1,0,0.5748314303950359
158,2,1,0.3234459709046831
159,5,2,0.7338138429425982
160,3,5,0.7066271261630234
161,1,2,0.8122718222713081
162,2,2,0.6634233277825019
163,3,2,0.8844374864716744
164,5,0,0.902020463625181
165,4,3,0.6454693406447491
166,0,1,0.6410402368376494
167,0,1,0.5923192566551772
168,0,4,0.8552061266948173
169,3,1,0.43442985647176496
170,0,5,0.9232422424611885
171,4,0,0.9028663048241361
172,1,5,0.45023460384916364
173,1,2,0.597529051844108
174,4,1,0.7884036327082014
175,2,0,0.5745957633488264
176,1,4,0.8281196250581558
177,0,2,0.8110636675292768
178,4,0,0.5718440536001971
179,4,1,0.7426413995957701
180,1,1,0.6183474393155753
181,0,1,0.763674966128194
182,3,4,0.6679946814550536
183,5,2,0.6709580217499951
184,1,2,0.6133647716258628
185,1,5,0.8753002808608616
186,0,2,0.5182024939863263
187,4,0,0.2719600267308501
188,4,1,0.5706813559037305
189,2,1,0.45673152087391294
190,1,0,0.45563635985677825
191,0,4,0.909733568725365
192,4,5,0.6986470814573347
193,2,2,0.7386467996501324
194,2,4,0.69049049193908
195,0,4,0.8154152525888929
196,0,2,0.6170550078203685
197,5,1,0.9423401436329254
198,1,4,0.7164486050211418
199,2,0,0.6483571429792232
200,1,0,0.8497827052006819
201,4,2,0.58598528924551
202,3,3,0.6929652347712225
203,3,0,0.7330907469062894
204,3,4,0.7014117126411322
205,5,0,0.7139041841931184
206,5,4,0.5151983955388527
207,4,1,0.6976725466593109
208,0,1,0.5495670586470027
209,0,3,0.5936899188593985
210,0,5,0.9094895160536273
211,4,2,0.7957984077740579
212,3,2,0.7057570298550085
213,3,0,0.6050702227445379
214,1,4,0.4999041668000924
215,0,0,0.43753577569589014
216,1,3,0.7127673489980252
217,4,3,0.425715158831806
218,3,1,0.6370876587911853
219,1,2,0.6494248272318794
220,2,5,0.7115632580704148
221,4,4,0.7165736938927414
222,3,5,0.5611044976560415
223,3,1,0.6370441716486562
224,4,0,0.9362674941985201
225,1,2,0.6627192748629481
226,4,0,0.6119022664455334
227,1,0,0.549668318737123
228,1,0,0.30183055119365104
229,0,3,0.7272152620105927
230,1,5,0.3612366386241272
231,0,1,0.6715429628868521
232,0,2,0.8513740438802779
233,1,2,0.5783366231668894
234,3,2,0.7615813984114581
235,5,2,0.8013717804044383
236,4,1,0.5898670613750268
237,3,0,0.7917131214200596
238,5,0,0.8113318458982968
239,5,4,0.2513775156231527
240,4,0,0.8239359319709135
241,1,4,0.5141530777740102
242,1,1,0.6227269772944962
243,3,5,0.24655550885943303
244,2,1,0.39994731006033746
245,4,1,0.7334389892297825
246,4,4,0.5557844933970367
247,0,2,0.7567517186298469
248,4,2,0.808175706476931
249,2,0,0.8602387072269
250,3,4,0.7480511621295103
251,5,1,0.8913225625781847
252,0,4,0.7040239288284086
253,3,0,0.783967457783829
254,3,4,0.572419332735062
255,1,4,0.41744403623816684
256,1,3,0.5233989039189518
257,2,5,0.5909935513042359
258,4,5,0.5541790819863788
259,2,4,0.8128976284478014
260,0,4,0.8325929456289042
261,4,3,0.6106338331489146
262,4,2,0.5827002604142937
263,0,1,0.4925945975364686
264,2,2,0.41952600606354823
265,0,5,0.34472708307746147
266,3,3,0.8653425001821966
267,0,0,0.7033937311437959
268,3,1,0.6476448286660815
269,3,1,0.6793568238789359
270,1,0,0.5496489489353136
271,1,2,0.3602180449247579
272,4,3,0.5569244740892423
273,0,2,0.7286372992286174
274,4,2,0.36024279035417794
275,4,5,0.358511307063511
276,2,4,0.2931961841962706
277,1,1,0.5824179626263308
278,3,1,0.6269944347321115
279,4,4,0.45295875304378586
280,2,0,0.6291881456414978
281,0,1,0.6361943457690603
282,2,1,0.44083856081836054
283,3,0,0.7612162014121328
284,5,0,0.6734756876274526
285,1,0,0.9310851230348052
286,3,3,0.5780443907610268
287,1,4,0.7497385356347216
288,4,1,0.7641345319172965
289,3,0,0.6394954420045736
290,0,4,0.7160400454222682
291,1,2,0.6624200677978596
292,3,2,0.6470802362474942
293,0,0,0.6488008990479855
294,3,4,0.5398680533415836
295,0,5,0.8686031314481516
296,3,1,0.5418495235298032
297,4,0,0.7431084004346747
298,2,2,0.5629891446187615
299,1,5,0.6959788652630601
300,0,1,0.6532133959890882
301,5,1,0.6964236171363144
302,4,1,0.9109215356331163
303,5,4,0.48608257061454985
304,0,2,0.7283553917019936
305,0,4,0.8366268803324505
306,1,4,0.6792833773868314
307,1,3,0.2636462404151881
308,4,2,0.7347249118897721
309,4,0,0.6932620140215592
310,3,4,0.6018099471545028
311,0,3,0.6452738614883464
312,2,5,0.6912411537764442
313,3,5,0.5291948621305054
314,5,2,0.5201603708768596
315,4,5,0.4899424011673072
316,5,0,0.635056333198928
317,1,3,0.553431482932222
318,0,1,0.9116178093475963
319,1,5,0.4686777693144224
320,3,5,0.565272571121217
321,3,1,0.6593392843065414
322,0,0,0.4957474128694831
323,1,0,0.4640630630536507
324,4,1,0.8088053137177699
325,0,5,0.7294239184388067
326,1,2,0.8353443851643911
327,1,2,0.5866530795202927
328,0,4,0.4806920917850568
329,5,2,0.6559443190841365
330,3,4,0.5329032901638261
331,4,3,0.6117619394660831
332,0,2,0.7983679784290716
333,4,2,0.48927967146010426
334,4,0,0.6608825341115409
335,4,2,0.48574325968286813
336,0,1,0.7288539502637295
337,1,1,0.5308706772658448
338,3,4,0.8131775518486087
339,1,0,0.6810975264232896
340,0,3,0.5236144661317116
341,5,4,0.7617275332110667
342,0,4,0.5256648593039671
343,4,4,0.6709078287469947
344,3,0,0.759179746322093
345,2,0,0.5097530577789776
346,2,1,0.42765801704252454
347,4,1,0.8878487858767863
348,3,0,0.7599090442540734
349,0,2,0.6520867636489784
350,5,1,0.6109141287861329
351,1,4,0.6227699619186887
352,1,4,0.6837827784751753
353,3,3,0.6794317964700266
354,4,0,0.7344214719262031
355,2,2,0.6047299351400193
356,2,5,0.5876370642293469
357,3,1,0.6940624871209056
358,2,4,0.6451548317417876
359,3,2,0.5541895842981165
360,3,5,0.6320478644102709
361,4,5,0.3772224590443879
362,0,0,0.6974561826321379
363,1,0,0.7337307428939192
364,2,5,0.8628083144540747
365,0,1,0.803686867711559
366,1,0,0.4639010840913915
367,0,3,0.8725551539489669
368,4,3,0.6346444859140812
369,0,1,0.8083169269086544
370,4,1,0.7662899940077568
371,3,1,0.7146447156903685
372,1,4,0.8976613136967151
373,1,2,0.6706073693352523
374,1,3,0.8095413215213072
375,4,0,0.9015514242058423
376,0,5,0.8867843114084787
377,5,0,0.8676084175966462
378,3,1,0.7443200525765279
379,1,2,0.8370103649977381
380,1,5,0.8716067065014298
381,3,0,0.6438334870594888
382,5,2,0.5085803153763868
383,2,4,0.751533423277997
384,3,3,0.6933985746745255
385,1,1,0.39668391307585904
386,0,4,0.7649625122458925
387,3,4,0.24300394826613697
388,4,2,0.47996381554367107
389,2,2,0.41786814626959645
390,4,2,0.9024173920658423
391,0,2,0.927464101604434
392,3,0,0.9155687114073272
393,5,1,0.8985805135378613
394,4,4,0.6733258725968504
395,0,4,0.7633754194238338
396,3,4,0.7658946658744342
397,3,2,0.6979496459754524
398,5,4,0.6312546136406026
399,2,1,0.6442019175739109
400,1,4,0.7817147139738235
401,4,1,0.8620682963913532
402,0,2,0.7153745076501867
403,4,0,0.8106038721866775
404,2,0,0.9286972574874623
405,4,1,0.7658478195213851
406,2,5,0.6376391623915802
407,5,2,0.7805496286671597
408,2,2,0.6102656997525097
409,3,0,0.5233331553296482
410,0,2,0.7404597969568406
411,5,1,0.7252519139048723
412,0,0,0.3437708233114167
413,0,1,0.5523754893698835
414,1,1,0.36885117864321715
415,0,4,0.8887195323311512
416,4,0,0.748643267090578
417,4,0,0.7108527382151695
418,4,2,0.5515270482322056
419,3,1,0.8151362285112921
420,0,5,0.9181604996140516
421,0,4,0.8420635392022954
422,3,3,0.5808702975659876
423,4,1,0.6873504091208996
424,2,1,0.5590601292281894
425,1,5,0.7720313291685144
426,3,2,0.6690016838094088
427,1,0,0.5406512049535425
428,4,5,0.6070437435305533
429,1,2,0.6279280963556865
430,0,2,0.6439216110208393
431,1,0,0.6103201462276934
432,2,0,0.7072324919688483
433,5,0,0.7502786944956042
434,3,0,0.758769892439624
435,1,4,0.5579206813102148
436,4,2,0.532913213843557
437,3,4,0.4653380369253266
438,4,3,0.7099702551766022
439,3,1,0.5842555553079356
440,3,5,0.6033203649750478
441,0,3,0.5810086913267769
442,1,4,0.7499820610552311
443,1,2,0.7507634144101409
444,0,1,0.5216273664467586
445,2,4,0.6522612697358078
446,5,4,0.698754680514714
447,1,3,0.7167414479919416
448,4,4,0.57001662461607
449,3,4,0.6438184378151376
450,2,4,0.8162667823304479
451,4,5,0.6794457669033593
452,1,2,0.8580942930279917
453,2,1,0.4613393396546875
454,0,5,0.759547792006733
455,4,1,0.7123184479180742
456,4,0,0.7811607251796189
457,3,0,0.6769420590069356
458,1,1,0.4195944268100045
459,5,1,0.8343261111596469
460,1,0,0.6704304631972041
461,3,5,0.6704194681281304
462,1,3,0.7379052693956798
463,0,4,0.709865950125977
464,1,5,0.60241611391352
465,4,3,0.8459875947447449
466,3,3,0.7905349479202337
467,4,4,0.8211331725861803
468,1,2,0.7731300697342344
469,4,1,0.5421932430297542
470,3,0,0.39136772427133587
471,3,1,0.5978362226635835
472,0,0,0.5508020943058559
473,0,4,0.6587522032102475
474,1,4,0.922256468898412
475,3,1,0.6362350554612507
476,0,1,0.16553102218841012
477,0,2,0.6266108508444045
478,0,2,0.6051343417141368
479,3,4,0.7001347974116685
480,4,2,0.6601292254215015
481,3,4,0.6582589187380513
482,2,5,0.8412319892715246
483,0,3,0.8459687055538929
484,2,0,0.4588750577329985
485,4,2,0.7731011013461999
486,2,2,0.6393818364387063
487,5,4,0.7142686564224618
488,5,2,0.7509217311402515
489,4,0,0.7971129075142743
490,5,0,0.8677364453126148
491,0,1,0.632534019635154
492,1,4,0.7199327425997263
493,3,2,0.7747380070093633
494,1,0,0.619642479514027
495,3,2,0.7092120590730769
496,5,2,0.7158848373118271
497,0,2,0.7818591928885719
498,1,0,0.535388414097707
499,2,2,0.5607252309768652
500,1,2,0.8652113350398585
501,4,2,0.6284591896918256
502,0,4,0.9119847205779575
503,2,1,0.7566833055961534
504,4,3,0.8023396289821322
505,2,4,0.6533424683669659
506,3,1,0.7857141145849748
507,2,5,0.6612311054898039
508,4,2,0.3884245970759881
509,1,2,0.6777694354444278
510,4,1,0.7389672635390314
511,3,4,0.48536834440424703
512,1,4,0.8739980795818592
513,5,0,1.0175119744833392
514,4,5,0.4823190747628947
515,5,4,0.777158347855192
516,3,3,0.7706319907772599
517,4,0,0.723089805660795
518,3,0,0.846899878838285
519,3,5,0.856402598399671
520,5,1,0.7698006516664344
521,1,1,0.6563647246541116
522,3,4,0.8676197318669752
523,0,1,0.7639375716281098
524,1,5,0.8944130379430654
525,3,0,0.858574004520932
526,3,1,0.5096837573770114
527,4,1,0.7055884866053767
528,1,4,0.7116354201077887
529,0,3,0.7736184803306267
530,0,2,0.7815244071076676
531,0,5,0.7473827388083598
532,4,0,0.854605810073393
533,0,1,0.7349163570025475
534,0,4,0.722589657483287
535,4,4,0.487677999702095
536,0,0,0.3538782005035111
537,1,0,0.5479043134043511
538,2,0,0.8791605085384357
539,1,3,0.7526287392775932
540,1,2,0.7235093940647569
541,5,2,0.4835895715178984
542,5,4,0.5992746303110156
543,2,0,0.7519294185691128
544,4,2,0.578204718329307
545,3,1,0.6630590908719352
546,0,3,0.878131825435757
547,1,2,0.7572136908617056
548,1,5,0.8476443345903463
549,2,2,0.4756203942800261
550,5,0,0.7988518675220533
551,4,3,0.2693775446487903
552,2,5,0.7377385174147688
553,1,0,0.6158906256354386
554,5,1,0.8570536219071628
555,0,2,0.7925373770011253
556,0,1,0.6356390262834422
557,1,4,0.5933284234637863
558,2,4,0.1789377812973577
559,1,1,0.5209866361932537
560,3,4,0.43791657480552687
561,0,2,0.3622554826994572
562,1,0,0.3313024355502727
563,3,5,0.5837551196445243
564,1,3,0.866561165576395
565,4,0,0.7947356531629441
566,1,4,0.7523930146879338
567,0,5,0.853018659018243
568,0,4,0.7698483993866201
569,3,0,0.8655275469298831
570,0,1,0.8325047983464202
571,3,2,0.38784240659016134
572,4,1,0.7377263016201993
573,0,4,0.5821617105080434
574,4,2,0.5668963798048444
575,2,1,0.7079970647927804
576,0,0,0.6547203341456868
577,4,1,0.8683173526065616
578,3,4,0.6046493103798376
579,4,5,0.7007910728064617
580,3,1,0.6167856098203648
581,4,0,0.9179995729112416
582,4,4,0.7299384926120447
583,3,3,0.4271035704969953
584,3,0,0.8414758176850494
585,5,0,0.8288119078145514
586,1,2,0.6070349255378878
587,0,2,0.6680627969808827
588,2,2,0.6551488792785464
589,4,4,0.5791693811193486
590,0,2,0.7808664313335935
591,1,5,0.9566786163879595
592,2,4,0.631185473880586
593,2,5,0.42313277177968756
594,1,4,0.6774212171123623
595,4,5,0.5035336401122611
596,3,1,0.6359388388429548
597,2,0,0.595332234370985
598,2,1,0.44479286825583453
599,5,1,0.5480035095855277
600,4,1,0.6366461264349481
601,1,0,0.6163741125126257
602,5,2,0.638929654935034
603,1,2,0.283110915744631
604,3,0,0.6744018491072452
605,1,1,0.4594407461741853
606,0,4,0.8933505257445447
607,0,0,0.6144881084995898
608,0,5,0.761765216493436
609,4,3,0.5700873490730864
610,4,0,0.5311443175631444
611,3,4,0.599335048762402
612,1,3,0.7215476380175293
613,4,2,0.6119795140263616
614,0,1,0.4741140052505437
615,3,4,0.5903501302069384
616,0,3,0.8029305859026025
617,3,0,0.6951192308207386
618,3,5,0.551018770915145
619,0,4,0.585977953260953
620,3,3,0.5269749299354599
621,4,2,0.6465474930139224
622,4,1,0.6200417423243818
623,1,0,0.3094107446793398
624,3,1,0.5785806641775839
625,1,4,0.786555741532704
626,3,2,0.5953519790756936
627,0,1,0.5943323118981784
628,4,0,0.4729599501721946
629,5,4,0.5502298212473485
630,1,5,0.8003847915209512
631,3,1,0.3652556667758003
632,0,2,0.5948270801013693
633,4,4,0.6028800781047098
634,0,4,0.8609236349658421
635,2,5,0.8443919999018181
636,4,3,0.7103892574577135
637,0,3,0.7789533112483688
638,0,1,0.8037052472314821
639,5,4,0.6076463705327062
640,2,4,0.6619780464368831
641,1,4,0.6853099019249321
642,1,3,0.6360030381099981
643,3,1,0.5291259616490138
644,4,5,0.423801169686302
645,4,1,0.6604304023593851
646,3,4,0.8224033794058252
647,3,3,0.7692048074733783
648,4,0,0.834052272656122
649,2,0,0.5845499217558643
650,1,2,0.8079799285415324
651,2,1,0.701962177511836
652,4,2,0.7262941907825032
653,3,0,0.7560511020241265
654,1,1,0.8091497836597992
655,3,0,0.7298081705701214
656,5,0,0.8128099416346348
657,3,5,0.629324570353852
658,1,0,0.5891751998263179
659,1,4,0.843560707606724
660,4,1,0.8020651976694537
661,1,2,0.6263992011035711
662,0,4,0.9262199399224242
663,3,4,0.3314739891789366
664,4,0,0.7327555620040415
665,0,0,0.8142159371851697
666,5,2,0.4850265969397932
667,5,1,0.8816112953679734
668,4,2,0.3765519070372599
669,2,2,0.6052056929838862
670,1,0,0.2715946470166979
671,0,5,0.8370895065087994
672,0,2,0.5934160101815282
673,0,1,0.27290137229528566
674,3,2,0.8163608864013441
675,2,0,0.7070211480970183
676,3,4,0.6071477033258532
677,2,5,0.6954507926011732
678,4,2,0.5380472735159153
679,1,4,0.684283464620359
680,3,1,0.6778904174676215
681,0,2,0.7765761409608423
682,1,5,0.676941540325021
683,3,4,0.4183432490126564
684,1,4,0.8358837002668722
685,3,5,0.5807618022805401
686,3,3,0.4990112379818335
687,2,4,0.5161071388339463
688,4,4,0.4937758161567113
689,3,0,0.6483002671937323
690,5,0,0.8948422960162656
691,1,2,0.7692739135671949
692,0,3,0.7154790534408925
693,4,0,0.8962824050231362
694,1,0,0.4754308424300986
695,5,1,0.6240393646661629
696,0,2,0.7109075248379003
697,0,1,0.7828696190173849
698,4,1,0.6133966739095587
699,0,5,0.8258447621932451
700,3,1,0.6895279882497599
701,5,4,0.5793644724465592
702,4,0,0.780892256729395
703,3,2,0.47871804163022025
704,0,0,0.6468627238908901
705,1,2,0.5227819044064753
706,4,1,0.7768715469961561
707,1,1,0.8182159174746316
708,0,1,0.6149534568090981
709,1,3,0.7960292799819652
710,1,0,0.5525497013835955
711,4,5,0.46766180600306545
712,0,4,0.8115801474491525
713,4,3,0.7642094023014395
714,5,2,0.7647873366987583
715,2,1,0.4571457910263145
716,2,2,0.48917408354944925
717,4,2,0.5678160153714877
718,3,0,0.7546127891654038
719,0,4,0.8884791487110313
720,1,1,0.5782157924008651
721,5,4,0.5829409248842705
722,4,2,0.4745725981246209
723,0,1,0.5215307633305062
724,0,5,0.6721092968513878
725,4,1,0.6086015513989438
726,4,1,0.9094963860282642
727,0,0,0.46592764051557434
728,3,1,0.622064943725226
729,2,2,0.5348674280790764
730,4,5,0.47595948088215945
731,3,0,0.7726017030218167
732,1,4,0.7826379367801803
733,0,2,0.7787327171443729
734,1,4,0.5516353965045505
735,0,4,0.7844231047040027
736,4,3,0.6509687436209491
737,3,4,0.5068650712888072
738,1,2,0.5867322540933868
739,4,4,0.713473599030394
740,5,2,0.8190712711429946
741,4,0,0.6758465368873413
742,1,2,0.5556534771865913
743,5,0,0.8607156444438276
744,1,0,0.41227225231932463
745,0,1,0.5411860171684596
746,3,3,0.6349237272625144
747,3,1,0.7053776380488859
748,4,2,0.7044161044133347
749,0,4,0.5974971475976405
750,3,0,0.7470478257751684
751,4,0,0.86549208499648
752,5,1,0.7008601767756071
753,1,0,0.49216894272380635
754,0,3,0.8271670678259706
755,3,4,0.5767807848597114
756,2,0,0.5644765241976606
757,2,5,0.8007209466820869
758,3,5,0.6180436826299835
759,0,2,0.643423236373083
760,1,3,0.5038735002752942
761,3,2,0.527815666083613
762,1,5,0.7941091873743987
763,2,1,0.7662984614803647
764,2,4,0.47663203526054676
765,3,1,0.57999955444569
766,1,0,0.5124338715735622
767,4,5,0.6844362623973484
768,2,1,0.6486920404436456
769,0,1,0.7015340494355635
770,4,1,0.6218143880960237
771,2,4,0.8699999732899277
772,4,0,0.7747569127491526
773,1,2,0.542492134907953
774,1,1,0.5994266964512026
775,3,0,0.28744176658435655
776,0,4,0.785618734701095
777,3,0,0.8283427840699846
778,1,4,0.767622384572762
779,5,0,0.8290833103087518
780,1,2,0.5699999026125812
781,1,0,0.48497364810954585
782,3,4,0.7680924410321864
783,1,3,0.6576340372512485
784,1,5,0.5408586809698397
785,5,1,0.8101223231886475
786,5,4,0.6953290830478775
787,3,3,0.41651727002009664
788,2,2,0.2782720310043013
789,4,3,0.8290497939745972
790,4,2,0.5912614525433033
791,0,5,0.9318438624349267
792,3,1,0.9097400237002009
793,0,1,0.7581964201915778
794,4,0,0.8408148256771507
795,0,3,0.8571822678736104
796,1,4,0.6332233781580971
797,3,2,0.6623271926819769
798,5,2,0.7961952052081532
799,0,4,0.8584325922952344
800,0,0,0.6279944450127062
801,2,0,0.8758211560105266
802,3,5,0.7844831460595947
803,4,4,0.894264070632351
804,3,4,0.46103018679663005
805,0,2,0.6897445687994117
806,4,2,0.3163088005289195
807,2,5,0.8569984379661718
808,4,1,0.4684691692906584
809,0,2,0.8195212186969247
810,5,0,0.6866269305675986
811,3,5,0.44551103663802477
812,4,4,0.7794664788699055
813,4,1,0.9683661091669811
814,4,2,0.7655565625524756
815,4,2,0.49945215978396934
816,0,2,0.7044578985887026
817,0,5,0.7727857066855198
818,4,0,0.7954560469384856
819,2,2,0.7226032258326403
820,4,1,0.6327086857463494
821,0,1,0.6734968267045703
822,3,0,0.7328970791979881
823,3,4,0.5653113337900001
824,4,0,0.8009001408716032
825,0,4,0.8127961406784708
826,3,3,0.733809776154396
827,1,5,0.8200625267036095
828,5,4,0.8773429402323067
829,4,5,0.5244015739412962
830,1,0,0.5568966278172898
831,0,2,0.9014539230118328
832,1,4,0.5449411001807123
833,2,4,0.5831180281313967
834,3,1,0.7232066244218776
835,0,4,0.8582870209657436
836,1,2,0.36856691154460863
837,1,2,0.5947858951823046
838,2,1,0.6349023835571064
839,5,2,0.8823955313867998
840,1,3,0.652587338526992
841,2,5,0.7396959783694359
842,1,1,0.06380029670138214
843,0,3,0.8047189426898463
844,3,2,0.5291310284720072
845,4,3,0.6175834028423774
846,0,0,0.6053024321119637
847,3,4,0.6364757848986217
848,1,4,0.17911974449600068
849,1,0,0.7468229033952658
850,3,0,0.7205424902800154
851,5,1,0.7670446247693038
852,2,0,0.8624547966761873
853,3,1,0.6478730993756016
854,0,1,0.8909089630029452
855,4,4,0.716463807315528
856,4,2,0.5501865667599325
857,1,0,0.3245946930082746
858,0,2,0.739384603892452
859,0,1,0.5242471391354121
860,3,1,0.6351153332311147
861,3,1,0.6524343756230716
862,1,4,0.800591930112155
863,4,1,0.7927934794440349
864,5,0,0.5216330288252324
865,0,4,0.973792983127466
866,0,5,0.8570546295149924
867,0,4,0.7261504975643678
868,2,0,0.7163036357951632
869,1,0,0.8624975888850024
870,3,2,0.6714618129659634
871,3,0,0.6779543679936129
872,1,2,0.7231405092968842
873,0,3,0.6773092772070375
874,5,2,0.7073660503119933
875,5,1,0.9119890042160832
876,3,0,0.8091856847649308
877,4,5,0.6008920408772018
878,4,3,0.7135010709929369
879,1,4,0.45146594565931547
880,3,4,0.6947413941430249
881,0,1,0.6092864551307423
882,3,5,0.7641463567680079
883,0,2,0.6683963859848538
884,3,4,0.48687664290556454
885,2,1,0.7273296502852885
886,4,2,0.7320285195266109
887,0,0,0.7947384110710124
888,3,3,0.7118491654720928
889,4,0,0.47871764420615226
890,1,1,0.7743077764356391
891,4,1,0.7003530508788786
892,2,4,0.9167229869697959
893,4,0,0.7699074088976147
894,2,2,0.7205476160356824
895,1,2,0.6009515682577378
896,1,3,0.8162400177885812
897,1,5,0.6758265453453993
898,2,5,0.7496598977805551
899,5,4,0.6839459104600085
900,1,1,0.6651787562080959
901,1,0,0.7449260282024568
902,3,1,0.6713817077808747
903,4,1,0.6879438946151539
904,3,1,0.7545016486118494
905,0,1,0.7209811962637034
906,5,4,0.38364935616819873
907,0,5,0.8572759666191444
908,5,0,0.8248983522872413
909,0,2,0.6878625562129743
910,3,2,0.31520763617380987
911,4,0,0.8205381138758859
912,0,3,0.656430654180811
913,1,2,0.6292788627442727
914,3,3,0.43841196038577024
915,0,2,0.9338459590314145
916,5,1,0.8063744373025431
917,4,1,0.5255265065109984
918,3,4,0.5256825983864577
919,1,4,0.605661167137089
920,4,3,0.38653641574724706
921,2,0,0.6291106691619813
922,1,3,0.7080280986523024
923,3,0,0.5267871642240726
924,2,2,0.6281587894238264
925,3,5,0.5182397958009062
926,1,0,0.3929076589881568
927,4,0,0.6829252172506857
928,4,2,0.4946376633822991
929,1,4,0.6815123326902759
930,4,4,0.6648789850258249
931,4,2,0.5577711157460188
932,1,2,0.15260851204192144
933,3,4,0.5956422938014752
934,2,1,0.27934811380124663
935,0,0,0.628810332087331
936,0,4,0.811404940343339
937,0,4,0.7693450892882291
938,0,1,0.7246975450284681
939,3,0,0.8712635830616754
940,2,5,0.7322331816578361
941,4,5,0.582173117538432
942,2,4,0.5122218094240176
943,5,2,0.7257744034457599
944,1,5,0.8908679925304065
945,4,2,0.41210650950251004
946,4,1,0.7282876539945026
947,2,5,0.7292441698769245
948,3,3,0.5774148314442024
949,4,1,0.7325773798516516
950,3,5,0.6283715507395411
951,2,4,0.7359834073822058
952,2,2,0.5897953991100788
953,3,0,0.7412870031116193
954,1,0,0.665620643208815
955,3,4,0.6046682759140776
956,4,3,0.6736487866335452
957,5,2,0.4040666756469316
958,0,1,0.7862648171387552
959,1,4,0.7983602134703031
960,0,5,0.7927536661520599
961,0,2,0.6241199933391548
962,4,0,0.6706565915122479
963,0,4,0.6856007485367833
964,1,1,0.547140988148099
965,1,0,0.5512665831579391
966,0,4,0.6029938090771358
967,0,0,0.5972587129888257
968,5,0,0.7248543250474655
969,2,0,0.7115724144263017
970,0,1,0.6324899457561121
971,3,1,0.5674553253996183
972,1,3,0.6251627242030166
973,4,2,0.5793587571322264
974,4,0,0.6580901488961725
975,3,1,0.6659860959896823
976,5,4,0.4081860186299711
977,2,1,0.5095462646111664
978,1,2,0.5578004102124154
979,5,1,0.7735924812850762
980,4,4,0.5937868487746603
981,1,2,0.5698091774595747
982,1,5,0.8271765832613884
983,0,2,0.49668902865687725
984,3,4,0.850384702206803
985,4,5,0.6270722140513496
986,0,3,0.6519118970908542
987,3,0,0.6439424386602663
988,3,2,0.5025130514666221
989,1,4,0.8376841123395672
990,3,1,0.8145109278906237
991,2,5,0.7541091918648601
992,1,4,0.5368256003404949
993,4,5,0.6031994089733844
994,5,4,0.49096312918529467
995,4,1,0.6029619289778129
996,4,4,0.7770844591042227
997,0,3,0.7439376950931323
998,1,1,0.591313856577487
999,2,4,0.7665554533836019
1000,5,1,0.7022017217909038
1001,0,1,0.5005651599758726
1002,1,0,0.5535038405603074
1003,3,5,0.700227969471141
1004,1,0,0.8939650739075313
1005,5,0,0.9071747975688782
1006,4,1,0.8211362786726258
1007,4,0,0.7630010451584764
1008,4,2,0.6058860736358583
1009,3,0,0.5329266035971449
1010,1,2,0.5464574201386141
1011,0,4,0.8588423183276203
1012,0,2,0.6377372527871051
1013,2,2,0.6952998132148979
1014,0,0,0.8243968919634185
1015,4,3,0.6962199413964514
1016,5,2,0.7724397250723292
1017,0,1,0.824874062777091
1018,1,2,0.6706823076660808
1019,1,4,0.8402340122535511
1020,4,0,0.8401521624602419
1021,4,2,0.815343227316449
1022,3,1,0.7741277790907749
1023,3,4,0.006300676470594957
1024,0,4,0.6006304885760168
1025,1,3,0.6402135556497992
1026,3,4,0.6907374028684125
1027,3,2,0.7963597650065919
1028,3,3,0.6686943611621665
1029,2,0,0.5966177128664892
1030,0,2,0.7890373318684574
1031,3,0,0.7085347071723006
1032,1,5,0.7184310608356852
1033,2,1,0.5411879091028845
1034,0,5,0.9308490073257969
1035,1,2,0.7226475582769285
1036,0,1,0.57710323483947
1037,2,5,0.5087936678228221
1038,2,4,0.6375927573361424
1039,3,4,0.37744580119086707
1040,0,0,0.19543693014901442
1041,5,4,0.4758561807423185
1042,0,3,0.6998574819142321
1043,0,2,0.8177649599252115
1044,4,5,0.5384149509008752
1045,4,0,0.8549892910721132
1046,1,5,0.5205679830763883
1047,5,0,0.8057925750144728
1048,2,2,0.5791528159282453
1049,4,4,0.3015112980993119
1050,4,3,0.8365953736895396
1051,4,1,0.6983159381087267
1052,3,2,0.5932843287540782
1053,5,2,0.553869504586197
1054,3,1,0.7038961519953622
1055,1,2,0.6140123553259966
1056,3,4,0.6110450118634064
1057,0,2,0.8030161814179984
1058,0,4,0.7100938478143461
1059,1,0,0.8025592826570983
1060,1,4,0.2180438828693856
1061,2,1,0.3978004992857123
1062,3,1,0.7121829482560138
1063,3,3,0.1985291161743638
1064,0,5,0.9194315300069454
1065,3,5,0.598357086331609
1066,3,0,0.8115157150197807
1067,4,2,0.5714475346827084
1068,4,1,0.6436549538252825
1069,4,0,0.6703234743056188
1070,1,4,0.8173358451887103
1071,1,0,0.5349604533822168
1072,5,1,0.7557654007583852
1073,3,0,0.6387077644631678
1074,1,1,0.6165672717325521
1075,0,4,0.6596963327750793
1076,2,0,0.4920924429415917
1077,0,1,0.6343245632005501
1078,1,3,0.7754048639730193
1079,4,2,0.25338470497604526
1080,0,3,0.7812447714190961
1081,5,2,0.7135518403138239
1082,3,0,0.2909600920780108
1083,5,0,0.9075485650762068
1084,3,1,0.4855965783531814
1085,2,0,0.7421090122363683
1086,4,0,0.7303275557075355
1087,1,4,0.7578826003196422
1088,3,1,0.5279755865364182
1089,0,4,0.8335756301896378
1090,1,5,0.7480202784769523
1091,2,5,0.49463702949098937
1092,3,5,0.4492782288590251
1093,0,4,0.858968045363802
1094,4,3,0.8629979855467449
1095,1,0,0.4205568124308746
1096,1,2,0.3737642178785751
1097,4,1,0.7818118787613625
1098,5,1,0.8371127086392699
1099,3,4,0.668291373038751
1100,3,0,0.8974605236151132
1101,3,2,0.6036890431944812
1102,0,0,0.6563348470543722
1103,2,1,0.4393784216083311
1104,2,2,0.5719029053382387
1105,0,2,0.6796503656903782
1106,1,2,0.48427002447345596
1107,5,4,0.6041176778672245
1108,4,2,0.5167531691599994
1109,3,4,0.07981438528827428
1110,1,3,0.6779256516711126
1111,4,1,0.968238331170478
1112,1,0,0.5863282316126863
1113,4,4,0.5675361204739081
1114,4,5,0.547715756077153
1115,0,5,0.8194264885310883
1116,0,2,0.7690123633022737
1117,1,4,0.47627741990131134
1118,4,0,0.7509139223947285
1119,1,1,0.45579479496104036
1120,2,4,0.365722623890679
1121,0,1,0.8210441866579593
1122,3,3,0.561433889495458
1123,0,1,0.660354389857498
1124,4,2,0.6318119352127953
1125,3,5,0.5078089072780407
1126,4,0,0.8599756905168412
1127,3,4,0.567432688223126
1128,1,2,0.47485955675743635
1129,4,2,0.5301626110274815
1130,5,2,0.5324188775520838
1131,5,1,0.7990048829493268
1132,4,4,0.471296383449242
1133,1,5,0.8826170897535589
1134,0,5,0.8683535975264578
1135,0,4,0.6250536661331009
1136,5,0,0.7767725469119358
1137,3,4,0.6554955806706408
1138,0,0,0.40572820648309915
1139,1,4,0.5989914227784218
1140,1,3,0.5465878858945602
1141,1,4,0.6442339850307399
1142,5,4,0.47564486797993394
1143,1,2,0.6433741154738079
1144,0,1,0.7110984996503341
1145,4,0,0.6667994102382664
1146,3,1,0.45274706389918357
1147,4,1,0.7231076025266991
1148,0,2,0.7425122760018854
1149,3,3,0.6472211851068241
1150,4,1,0.9048265166092677
1151,4,5,0.45120487382924046
1152,4,2,0.4366951279613062
1153,3,1,0.5517260530472153
1154,2,2,0.5346983788292495
1155,3,0,0.8126144840195514
1156,3,0,0.48658538693713094
1157,2,4,0.41604865791375234
1158,1,0,0.45098749349459993
1159,0,3,0.8117235900035669
1160,0,1,0.6726735869756676
1161,1,0,0.5772350904561199
1162,3,2,0.5470349033862629
1163,2,0,0.899295575093024
1164,2,5,0.5882377766606325
1165,4,3,0.45290043383842
1166,0,2,0.7923525970796069
1167,0,4,0.9325469010174517
1168,1,1,0.36340583839811164
1169,2,1,0.5124225374771629
1170,1,4,0.5298512544866133
1171,0,1,0.7457558817772497
1172,1,0,0.6817511910622722
1173,4,0,0.8205596095989014
1174,3,0,0.8294361563123619
1175,3,0,0.6757564132079206
1176,5,2,0.7443228614139045
1177,1,1,0.6103636023085066
1178,0,2,0.755069779960415
1179,2,4,0.3770194230006812
1180,3,2,0.2865369484959561
1181,5,4,0.3343327963937036
1182,4,0,0.6122161249205135
1183,3,5,0.4814244090566903
1184,1,0,0.7945860764211495
1185,3,4,0.5195953472171421
1186,3,4,0.5775824231109785
1187,1,2,0.8234862566463071
1188,4,5,0.6497308227920908
1189,0,4,0.9362702329598853
1190,5,1,0.8469321359466138
1191,2,2,0.5881178177125251
1192,3,1,0.7746050290131977
1193,4,3,0.48849459855298744
1194,3,3,0.8343136422362788
1195,0,4,0.8494966822106695
1196,1,2,0.5819675221166924
1197,0,2,0.8378923054312055
1198,5,0,0.9007140289068483
1199,0,0,0.5544357416473535
1200,4,2,0.6047685083481723
1201,2,1,0.363953521933801
1202,4,1,0.7928180719056056
1203,2,0,0.8518668389512479
1204,1,3,0.7047077258354923
1205,1,4,0.8038863497575316
1206,0,3,0.6580789177799715
1207,2,5,0.7448482085435048
1208,1,5,0.7772253454627382
1209,4,2,0.7343148948816202
1210,0,1,0.6614903032089235
1211,0,5,0.8281101690576977
1212,4,4,0.36557828228441136
1213,3,1,0.647600822236744
1214,4,1,0.9023586392551114
1215,1,0,0.36500495359755813
1216,0,1,0.7681391106808266
1217,5,2,0.5611808160170623
1218,0,4,0.7386472669732751
1219,0,2,0.7652925920565394
1220,1,2,0.5246984273786374
1221,1,3,0.2468607167220999
1222,3,1,0.7178918433288101
1223,0,4,0.8599061903468029
1224,4,2,0.66449250526315
1225,4,0,0.8719902255517804
1226,1,0,0.6531181137436626
1227,3,4,0.6026748431209705
1228,0,3,0.8972504731435097
1229,2,5,0.6004632149738934
1230,4,4,0.4339681564280929
1231,3,1,0.7559101977451285
1232,0,0,0.594136726497012
1233,0,2,0.7395950201925873
1234,4,3,0.7057923263200718
1235,3,3,0.4547186214946072
1236,5,1,0.643607168963586
1237,1,2,0.6591414367239513
1238,5,4,0.6151988972365018
1239,4,1,0.6810384643608617
1240,4,2,0.5740050083403025
1241,4,5,0.17691842285520767
1242,2,1,0.5873332218968482
1243,0,5,0.917466951419418
1244,0,1,0.5050191915904372
1245,2,2,0.4204760380132328
1246,2,0,0.7745893563412652
1247,3,4,0.5691315403705023
1248,3,2,0.2807780796466483
1249,4,0,0.8497451604956464
1250,1,5,0.9028559736925021
1251,2,4,0.2676179332076669
1252,3,0,0.8283914341293737
1253,1,1,0.7699426436181882
1254,5,0,0.7381543314072307
1255,1,4,0.7465499950006935
1256,4,1,0.7334978321717498
1257,3,0,0.4904867973742344
1258,3,5,0.6964177411132356
1259,1,4,0.560402672600657
1260,1,4,0.6242365956411555
1261,1,2,0.4533454242327499
1262,1,5,0.7236783596931868
1263,5,1,0.7174122884711742
1264,3,0,0.14521039188765864
1265,5,4,0.09736499273593381
1266,3,4,0.7444744233910185
1267,2,2,0.3922826791602649
1268,0,0,0.45119945845416987
1269,4,1,0.6698708694561226
1270,3,0,0.5778361334709939
1271,0,4,0.5560540112364366
1272,5,2,0.6752826291703554
1273,2,1,0.517278230092854
1274,0,1,0.6708655349718486
1275,3,1,0.4848621148765387
1276,1,2,0.5529572748381918
1277,1,1,0.40401337952861904
1278,3,2,0.6235652196399469
1279,2,0,0.7205469499917257
1280,1,4,0.6802272184968041
1281,0,2,0.8049598201144589
1282,3,4,0.5397365325724612
1283,0,1,0.3792495860090367
1284,4,0,0.7924894189127928
1285,1,0,0.49537323371621084
1286,2,5,0.7347151530232962
1287,4,2,0.19628865406348567
1288,4,2,0.8187045651031003
1289,3,1,0.6180641547424658
1290,1,3,0.7859939294286957
1291,3,5,0.55574761205807
1292,4,1,0.6629136071205429
1293,1,0,0.5160686309198055
1294,4,5,0.5524535611046151
1295,4,4,0.5497843985682979
1296,3,3,0.5867973879071571
1297,2,4,0.8604920709922446
1298,0,3,0.5519404059177508
1299,4,3,0.6818151659212127
1300,5,0,0.7952625115562039
1301,0,5,0.8372259318668881
1302,4,0,0.64811806991315
1303,0,2,0.7253895478276178
1304,0,4,0.8082885322820375
1305,3,4,0.3390555487468277
1306,3,1,0.8083638723936896
1307,2,1,0.28604435213525214
1308,3,2,0.6504178825045089
1309,1,4,0.6867616838771551
1310,3,0,0.7530589423764638
1311,1,2,0.5799433165084681
1312,2,5,0.41775684009803665
1313,4,0,0.9315425793776007
1314,1,0,0.5425103798694851
1315,4,1,0.861661920048623
1316,0,5,0.8620954612662444
1317,5,2,0.5471767361484814
1318,3,5,0.6702540273403671
1319,1,5,0.9151353388660838
1320,4,3,0.713673721074615
1321,0,4,0.8065938719957124
1322,4,1,0.7970831075526712
1323,2,0,0.7155575360565837
1324,2,4,0.41327143190942695
1325,0,2,0.8910775356041801
1326,5,0,0.9399735586785481
1327,0,2,0.7663850406948378
1328,4,5,0.31740628321823544
1329,4,0,1.0067297200772705
1330,5,1,0.8283573358346412
1331,0,1,0.8384990628512399
1332,4,4,0.6013757139169594
1333,3,1,0.8723064222578757
1334,1,3,0.8794251938140599
1335,1,4,0.3768384959070242
1336,4,2,0.9119848620985256
1337,0,3,0.7198699248479974
1338,0,1,0.6154285419230787
1339,3,3,0.7552740725425902
1340,1,1,0.42505955187241773
1341,1,2,0.541373582055197
1342,2,2,0.3861318064368369
1343,3,4,0.6978354010235167
1344,3,0,0.6027312445096065
1345,0,0,0.6295189355959047
1346,4,2,0.7035560010082228
1347,1,0,0.8819595034976709
1348,5,4,0.5501387466817385
1349,0,4,0.8956778954072452
1350,3,1,0.6687870183024534
1351,0,4,0.8311939398824588
1352,0,3,0.6246664247601317
1353,1,2,0.5800501227841903
1354,4,5,0.40012127934602904
1355,3,2,0.47496021872693917
1356,3,0,0.7971104284822564
1357,2,0,0.5369454252126766
1358,2,4,0.5560132385888678
1359,3,4,0.5045696071527368
1360,3,3,0.47519860211442394
1361,2,1,0.5330607582127035
1362,0,5,0.5350280908089431
1363,4,0,0.8255107509993364
1364,4,3,0.6346555896475011
1365,1,1,0.7613018621368763
1366,3,1,0.6904065146079504
1367,1,4,0.8449230880062351
1368,2,2,0.15038672896515182
1369,4,1,0.7806982592329514
1370,0,1,0.7942561360019282
1371,5,2,0.691224094586897
1372,0,0,0.6794040464192196
1373,4,4,0.8125118713508427
1374,4,2,0.6959976625524101
1375,0,4,0.8922352706989383
1376,5,0,0.7975164761369872
1377,1,5,0.5587442217003535
1378,1,3,0.19415530265447548
1379,1,0,0.44816041366834003
1380,0,1,0.45901733814621914
1381,1,0,0.5778253984560858
1382,3,5,0.576303847126706
1383,3,4,0.4954601036112932
1384,1,4,0.8596100644937722
1385,2,5,0.19947319692856214
1386,0,2,0.7328247541926354
1387,4,0,0.25344551047764596
1388,3,0,0.7468489585329681
1389,0,2,0.6599637564651772
1390,4,2,0.609809156132048
1391,5,1,0.7529347444771852
1392,4,1,0.7983003905510644
1393,1,2,0.7149109829014649
1394,5,4,0.4979558941088919
1395,1,3,0.7278894067740427
1396,4,1,0.823994809160109
1397,1,2,0.6610089954451638
1398,0,2,0.3219287349535477
1399,3,0,0.6840065102041152
1400,0,4,0.6892546885907362
1401,4,1,0.6531548945056643
1402,5,2,0.2284945244844452
1403,1,1,0.3757710994060233
1404,2,5,0.5663525649090625
1405,5,1,0.9174985924596926
1406,2,2,0.4871958647504056
1407,4,0,0.165305706654325
1408,3,5,0.6331534470318548
1409,0,0,0.2887761932672258
1410,0,3,0.8006661886782394
1411,3,4,0.4342787504507367
1412,3,1,0.31220910114198525
1413,3,3,0.32698877792448733
1414,5,4,0.6689289747026212
1415,4,4,0.5502334493463698
1416,1,0,0.7034414391625577
1417,2,4,0.31769262224411643
1418,3,1,0.5260545240588379
1419,2,1,0.8046228735019375
1420,2,0,0.7683680315292745
1421,3,2,0.6303001721595265
1422,0,4,0.7203623653323986
1423,0,1,0.48992049546870753
1424,4,2,0.7550365676254928
1425,5,0,0.6920183591046903
1426,0,5,0.737641972594784
1427,4,0,0.8971126365872184
1428,4,3,0.716161805604553
1429,4,5,0.6269931912253996
1430,4,2,0.6575588106981696
1431,1,5,0.5248004862964433
1432,0,2,0.5382309966908786
1433,1,0,0.4150903026585599
1434,3,0,0.7401043641104211
1435,0,1,0.695616691236283
1436,1,2,0.5925830591660237
1437,1,4,0.8036030974879831
1438,1,4,0.6203409828498258
1439,3,4,0.7913085869485119
